<VSTemplate Version="3.0.0" xmlns="http://schemas.microsoft.com/developer/vstemplate/2005" Type="Project">
  <TemplateData>
    <Name>Service Bus Messaging With Queues</Name>
    <Description>Simple demonstration of how to use Azure Service Bus Queues for messaging.  This approach can be applied to de-couple backend + frontend roles and can also be used to load balance and load level processing for variable load scenarios</Description>
    <DefaultName>AppServicesSvcBusQ</DefaultName>
    
    <ProjectType>CSharp</ProjectType>
    <ProjectSubType></ProjectSubType>
    <SortOrder>1000</SortOrder>
    <CreateNewFolder>true</CreateNewFolder>    
    <ProvideDefaultName>true</ProvideDefaultName>
    <LocationField>Enabled</LocationField>
    <EnableLocationBrowseButton>true</EnableLocationBrowseButton>
    <Icon>sw-file-icon.png</Icon>
    
    <!-- Indicates how many parent folders this item template should appear in -->
    <NumberOfParentCategoriesToRollUp>1</NumberOfParentCategoriesToRollUp>
  </TemplateData>
  <TemplateContent>
    <Project TargetFileName="AppServicesSvcBusQ.csproj" File="AppServicesSvcBusQ.csproj" ReplaceParameters="true">
    </Project>
  </TemplateContent>
 <WizardExtension>
    <Assembly>ProjectWizard, Version=1.0.0.0, Culture=Neutral, PublicKeyToken=b03f5f7f11d50a3a</Assembly>
    <FullClassName>ProjectWizard.Wizard</FullClassName>
  </WizardExtension>
</VSTemplate>