-- phpMyAdmin SQL Dump
-- version 4.7.4
-- https://www.phpmyadmin.net/
--
-- Host: 127.0.0.1
-- Generation Time: Jan 30, 2018 at 02:15 PM
-- Server version: 10.1.28-MariaDB
-- PHP Version: 7.1.10

SET SQL_MODE = "NO_AUTO_VALUE_ON_ZERO";
SET AUTOCOMMIT = 0;
START TRANSACTION;
SET time_zone = "+00:00";


/*!40101 SET @OLD_CHARACTER_SET_CLIENT=@@CHARACTER_SET_CLIENT */;
/*!40101 SET @OLD_CHARACTER_SET_RESULTS=@@CHARACTER_SET_RESULTS */;
/*!40101 SET @OLD_COLLATION_CONNECTION=@@COLLATION_CONNECTION */;
/*!40101 SET NAMES utf8mb4 */;

--
-- Database: `efake`
--

-- --------------------------------------------------------

--
-- Table structure for table `auction`
--

CREATE TABLE `auction` (
  `ID_AUCTION` varchar(9) NOT NULL,
  `ID_SELLER` varchar(9) NOT NULL,
  `ID_ITEM` varchar(9) NOT NULL,
  `START_PRICE` double NOT NULL,
  `START_TIMESTAMP` datetime NOT NULL,
  `EXPIRATION_TIME` datetime NOT NULL,
  `EXPIRED` tinyint(1) NOT NULL,
  `ID` int(11) NOT NULL
) ENGINE=InnoDB DEFAULT CHARSET=latin1;

--
-- Dumping data for table `auction`
--

INSERT INTO `auction` (`ID_AUCTION`, `ID_SELLER`, `ID_ITEM`, `START_PRICE`, `START_TIMESTAMP`, `EXPIRATION_TIME`, `EXPIRED`, `ID`) VALUES
('AU_000001', 'ID_000702', 'IT_000001', 100, '2018-01-29 19:52:00', '2018-03-29 19:52:00', 0, 1);

--
-- Triggers `auction`
--
DELIMITER $$
CREATE TRIGGER `populate_id_auction` BEFORE INSERT ON `auction` FOR EACH ROW SET NEW.ID_AUCTION = CONCAT('AU_', SUBSTRING('00000', LENGTH((
            SELECT AUTO_INCREMENT 
            FROM information_schema.TABLES 
            WHERE TABLE_SCHEMA = DATABASE() 
            AND TABLE_NAME = 'auction'
    ))), (
            SELECT AUTO_INCREMENT 
            FROM information_schema.TABLES 
            WHERE TABLE_SCHEMA = DATABASE() 
            AND TABLE_NAME = 'auction'
    ))
$$
DELIMITER ;

-- --------------------------------------------------------

--
-- Table structure for table `bid`
--

CREATE TABLE `bid` (
  `ID_BID` varchar(9) NOT NULL,
  `ID_BUYER` varchar(9) NOT NULL,
  `ID_AUCTION` varchar(9) NOT NULL,
  `PRICE` double NOT NULL,
  `TIME` datetime NOT NULL,
  `ID` int(11) NOT NULL
) ENGINE=InnoDB DEFAULT CHARSET=latin1;

--
-- Triggers `bid`
--
DELIMITER $$
CREATE TRIGGER `populate_id_bid` BEFORE INSERT ON `bid` FOR EACH ROW SET NEW.ID_BID = CONCAT('BI_', SUBSTRING('00000', LENGTH((
            SELECT AUTO_INCREMENT 
            FROM information_schema.TABLES 
            WHERE TABLE_SCHEMA = DATABASE() 
            AND TABLE_NAME = 'bid'
    ))), (
            SELECT AUTO_INCREMENT 
            FROM information_schema.TABLES 
            WHERE TABLE_SCHEMA = DATABASE() 
            AND TABLE_NAME = 'bid'
    ))
$$
DELIMITER ;

-- --------------------------------------------------------

--
-- Table structure for table `category`
--

CREATE TABLE `category` (
  `ID_CATEGORY` varchar(9) NOT NULL,
  `CATEGORY` text NOT NULL
) ENGINE=InnoDB DEFAULT CHARSET=latin1;

--
-- Dumping data for table `category`
--

INSERT INTO `category` (`ID_CATEGORY`, `CATEGORY`) VALUES
('CATE_01', 'BOOKS'),
('CATE_02', 'MOVIES'),
('CATE_03', 'ELECTRONICS'),
('CATE_04', 'HOME'),
('CATE_05', 'CHILDREN'),
('CATE_06', 'SPORTS'),
('CATE_07', 'FOOD'),
('CATE_08', 'BEAUTY'),
('CATE_09', 'VEHICLE');

-- --------------------------------------------------------

--
-- Table structure for table `criteria_buyer`
--

CREATE TABLE `criteria_buyer` (
  `ID_CRITERIA` varchar(9) NOT NULL,
  `RELIABILITY` int(1) NOT NULL,
  `ID` int(11) NOT NULL
) ENGINE=InnoDB DEFAULT CHARSET=latin1;

--
-- Triggers `criteria_buyer`
--
DELIMITER $$
CREATE TRIGGER `populate_id_criteria_buyer` BEFORE INSERT ON `criteria_buyer` FOR EACH ROW SET NEW.ID_CRITERIA = CONCAT('CR_', SUBSTRING('00000', LENGTH((
            SELECT AUTO_INCREMENT 
            FROM information_schema.TABLES 
            WHERE TABLE_SCHEMA = DATABASE() 
            AND TABLE_NAME = 'criteria_buyer'
    ))), (
            SELECT AUTO_INCREMENT 
            FROM information_schema.TABLES 
            WHERE TABLE_SCHEMA = DATABASE() 
            AND TABLE_NAME = 'criteria_buyer'
    ))
$$
DELIMITER ;

-- --------------------------------------------------------

--
-- Table structure for table `criteria_seller`
--

CREATE TABLE `criteria_seller` (
  `ID_CRITERIA` varchar(9) NOT NULL,
  `AUTHENTICITY` int(1) NOT NULL,
  `RESPONSIVENESS` int(1) NOT NULL,
  `DISPATCH_TIME` int(1) NOT NULL,
  `DISPATCH_FEE` int(1) NOT NULL,
  `ID` int(11) NOT NULL
) ENGINE=InnoDB DEFAULT CHARSET=latin1;

--
-- Triggers `criteria_seller`
--
DELIMITER $$
CREATE TRIGGER `populate_id_criteria_seller` BEFORE INSERT ON `criteria_seller` FOR EACH ROW SET NEW.ID_CRITERIA = CONCAT('CR_', SUBSTRING('00000', LENGTH((
            SELECT AUTO_INCREMENT 
            FROM information_schema.TABLES 
            WHERE TABLE_SCHEMA = DATABASE() 
            AND TABLE_NAME = 'criteria_seller'
    ))), (
            SELECT AUTO_INCREMENT 
            FROM information_schema.TABLES 
            WHERE TABLE_SCHEMA = DATABASE() 
            AND TABLE_NAME = 'criteria_seller'
    ))
$$
DELIMITER ;

-- --------------------------------------------------------

--
-- Table structure for table `item`
--

CREATE TABLE `item` (
  `ID_ITEM` varchar(9) NOT NULL,
  `PIC` text NOT NULL,
  `TITLE` text NOT NULL,
  `DESCRIPTION` text NOT NULL,
  `ID_CATEGORY` varchar(9) NOT NULL,
  `ID_STATE` varchar(9) NOT NULL,
  `ID` int(11) NOT NULL
) ENGINE=InnoDB DEFAULT CHARSET=latin1;

--
-- Dumping data for table `item`
--

INSERT INTO `item` (`ID_ITEM`, `PIC`, `TITLE`, `DESCRIPTION`, `ID_CATEGORY`, `ID_STATE`, `ID`) VALUES
('IT_000001', '', 'Mackytosh Laptop', 'Sleek laptop for work and leisure', 'CATE_03', 'STATE_02', 1);

--
-- Triggers `item`
--
DELIMITER $$
CREATE TRIGGER `populate_id_item` BEFORE INSERT ON `item` FOR EACH ROW SET NEW.ID_ITEM = CONCAT('IT_', SUBSTRING('00000', LENGTH((
            SELECT AUTO_INCREMENT 
            FROM information_schema.TABLES 
            WHERE TABLE_SCHEMA = DATABASE() 
            AND TABLE_NAME = 'item'
    ))), (
            SELECT AUTO_INCREMENT 
            FROM information_schema.TABLES 
            WHERE TABLE_SCHEMA = DATABASE() 
            AND TABLE_NAME = 'item'
    ))
$$
DELIMITER ;

-- --------------------------------------------------------

--
-- Table structure for table `rating`
--

CREATE TABLE `rating` (
  `ID_RATING` varchar(9) NOT NULL,
  `ID_REVIEWER` varchar(9) NOT NULL,
  `ID_REVIEWEE` varchar(9) NOT NULL,
  `TYPE` tinyint(1) NOT NULL,
  `COMMENT` text NOT NULL,
  `ID_CRITERIA` varchar(9) NOT NULL,
  `ID` int(11) NOT NULL
) ENGINE=InnoDB DEFAULT CHARSET=latin1;

--
-- Triggers `rating`
--
DELIMITER $$
CREATE TRIGGER `populate_id_rating` BEFORE INSERT ON `rating` FOR EACH ROW SET NEW.ID_RATING = CONCAT('RA_', SUBSTRING('00000', LENGTH((
            SELECT AUTO_INCREMENT 
            FROM information_schema.TABLES 
            WHERE TABLE_SCHEMA = DATABASE() 
            AND TABLE_NAME = 'rating'
    ))), (
            SELECT AUTO_INCREMENT 
            FROM information_schema.TABLES 
            WHERE TABLE_SCHEMA = DATABASE() 
            AND TABLE_NAME = 'rating'
    ))
$$
DELIMITER ;

-- --------------------------------------------------------

--
-- Table structure for table `role`
--

CREATE TABLE `role` (
  `ID_ROLE` varchar(7) NOT NULL,
  `ROLE` text NOT NULL
) ENGINE=InnoDB DEFAULT CHARSET=latin1;

--
-- Dumping data for table `role`
--

INSERT INTO `role` (`ID_ROLE`, `ROLE`) VALUES
('ROLE_01', 'BUYER'),
('ROLE_02', 'SELLER'),
('ROLE_03', 'ADMIN');

-- --------------------------------------------------------

--
-- Table structure for table `state`
--

CREATE TABLE `state` (
  `ID_STATE` varchar(9) NOT NULL,
  `STATE` text NOT NULL
) ENGINE=InnoDB DEFAULT CHARSET=latin1;

--
-- Dumping data for table `state`
--

INSERT INTO `state` (`ID_STATE`, `STATE`) VALUES
('STATE_01', 'NEW'),
('STATE_02', 'USED');

-- --------------------------------------------------------

--
-- Table structure for table `traffic`
--

CREATE TABLE `traffic` (
  `ID_VIEW` varchar(9) NOT NULL,
  `ID_AUCTION` varchar(9) NOT NULL,
  `ID_USER` varchar(9) NOT NULL,
  `ID` int(11) NOT NULL
) ENGINE=InnoDB DEFAULT CHARSET=latin1;

--
-- Triggers `traffic`
--
DELIMITER $$
CREATE TRIGGER `populate_id_view` BEFORE INSERT ON `traffic` FOR EACH ROW SET NEW.ID_VIEW = CONCAT('TR_', SUBSTRING('00000', LENGTH((
            SELECT AUTO_INCREMENT 
            FROM information_schema.TABLES 
            WHERE TABLE_SCHEMA = DATABASE() 
            AND TABLE_NAME = 'traffic'
    ))), (
            SELECT AUTO_INCREMENT 
            FROM information_schema.TABLES 
            WHERE TABLE_SCHEMA = DATABASE() 
            AND TABLE_NAME = 'traffic'
    ))
$$
DELIMITER ;

-- --------------------------------------------------------

--
-- Table structure for table `user`
--

CREATE TABLE `user` (
  `ID_USER` varchar(9) NOT NULL,
  `FNAME` text NOT NULL,
  `LNAME` text NOT NULL,
  `EMAIL` text NOT NULL,
  `PASS` text NOT NULL,
  `ID_ROLE` varchar(7) NOT NULL,
  `ID` int(11) NOT NULL
) ENGINE=InnoDB DEFAULT CHARSET=latin1;

--
-- Dumping data for table `user`
--

INSERT INTO `user` (`ID_USER`, `FNAME`, `LNAME`, `EMAIL`, `PASS`, `ID_ROLE`, `ID`) VALUES
('ID_000003', 'Adam', 'Smith', 'adam.smith@hotmail.com', 'pass', 'test', 3),
('ID_000004', 'Agna', 'Wickson', 'awickson0@photobucket.com', 'UEboODrmUVRW', 'ROLE_01', 4),
('ID_000005', 'Beatrix', 'Monier', 'bmonier1@bing.com', 'JsndiHZ', 'ROLE_01', 5),
('ID_000006', 'Kira', 'Mosco', 'kmosco2@msu.edu', 'TYA5hpzZTc', 'ROLE_01', 6),
('ID_000007', 'Adam', 'Rawstorn', 'arawstorn3@cyberchimps.com', 'DW7dnRuGCz', 'ROLE_01', 7),
('ID_000008', 'Sabina', 'Atkirk', 'satkirk4@google.cn', 'brkeDU2xQn5', 'ROLE_01', 8),
('ID_000009', 'Berkly', 'Hamshar', 'bhamshar5@furl.net', 'izGsxU8c', 'ROLE_01', 9),
('ID_000010', 'Gale', 'Garwill', 'ggarwill6@usa.gov', 'vWZMENwT', 'ROLE_01', 10),
('ID_000011', 'Fianna', 'Attwell', 'fattwell7@nba.com', 'SQpT86TGUCA', 'ROLE_01', 11),
('ID_000012', 'Ettore', 'Culwen', 'eculwen8@mit.edu', 'JneIW0qed', 'ROLE_01', 12),
('ID_000013', 'Sadye', 'Haycox', 'shaycox9@feedburner.com', 'IoTq42q', 'ROLE_01', 13),
('ID_000014', 'Agna', 'Pauling', 'apaulinga@acquirethisname.com', 't6k8rH5', 'ROLE_01', 14),
('ID_000015', 'Fidel', 'Flavelle', 'fflavelleb@seattletimes.com', 'qo90xBCdHjh', 'ROLE_01', 15),
('ID_000016', 'Elisha', 'Tooting', 'etootingc@ovh.net', 'Mq4u9S', 'ROLE_01', 16),
('ID_000017', 'Drugi', 'Cullingworth', 'dcullingworthd@nba.com', '8Sf9eZP', 'ROLE_01', 17),
('ID_000018', 'Debera', 'Pavic', 'dpavice@biglobe.ne.jp', '302xixjxGa', 'ROLE_01', 18),
('ID_000019', 'Frants', 'Le Grice', 'flegricef@dagondesign.com', 'Hy5UWTas', 'ROLE_01', 19),
('ID_000020', 'Krishnah', 'Kennicott', 'kkennicottg@dropbox.com', 'Xlzj5D', 'ROLE_01', 20),
('ID_000021', 'Dino', 'Kirkby', 'dkirkbyh@usa.gov', 'h8X1WgnA', 'ROLE_01', 21),
('ID_000022', 'Zedekiah', 'Charle', 'zcharlei@howstuffworks.com', 'J47L1DT41', 'ROLE_01', 22),
('ID_000023', 'Mendel', 'Restorick', 'mrestorickj@accuweather.com', 'BTzRHq73u', 'ROLE_01', 23),
('ID_000024', 'Lon', 'Stollenbecker', 'lstollenbeckerk@deviantart.com', 'gEnd2bW', 'ROLE_01', 24),
('ID_000025', 'Fidel', 'Roskrug', 'froskrugl@house.gov', 'phKzCIhG2WP', 'ROLE_01', 25),
('ID_000026', 'Sal', 'Stuer', 'sstuerm@geocities.com', 'isNy5cx3n', 'ROLE_01', 26),
('ID_000027', 'Modesty', 'Ebden', 'mebdenn@linkedin.com', 'FUUCgWRj', 'ROLE_01', 27),
('ID_000028', 'Ileane', 'Malby', 'imalbyo@squidoo.com', 't2qdHx', 'ROLE_01', 28),
('ID_000029', 'Elli', 'Olver', 'eolverp@japanpost.jp', 'UbZLnrE', 'ROLE_01', 29),
('ID_000030', 'Rosemary', 'Karby', 'rkarbyq@youku.com', 'B6Aq0fVP9', 'ROLE_01', 30),
('ID_000031', 'Debbi', 'Audsley', 'daudsleyr@yandex.ru', '3FvFeaEVCP', 'ROLE_01', 31),
('ID_000032', 'Dannie', 'Norman', 'dnormans@mashable.com', '1WJArMZxW', 'ROLE_01', 32),
('ID_000033', 'Tyson', 'Branno', 'tbrannot@parallels.com', 'HxJ7jAI', 'ROLE_01', 33),
('ID_000034', 'Rodrique', 'Terrill', 'rterrillu@toplist.cz', 'IzwQb7qu', 'ROLE_01', 34),
('ID_000035', 'Lion', 'Antonelli', 'lantonelliv@reddit.com', 'mGPir0Qja11Z', 'ROLE_01', 35),
('ID_000036', 'Paquito', 'Gertray', 'pgertrayw@list-manage.com', 'mACYjxmZUOVh', 'ROLE_01', 36),
('ID_000037', 'Leanora', 'Swires', 'lswiresx@jimdo.com', 'HNtn3f', 'ROLE_01', 37),
('ID_000038', 'Minna', 'Minghi', 'mminghiy@goo.ne.jp', 'c78rEYUkvIf', 'ROLE_01', 38),
('ID_000039', 'Sergio', 'Alenov', 'salenovz@infoseek.co.jp', 'p5NVifWBk', 'ROLE_01', 39),
('ID_000040', 'Amalea', 'Huston', 'ahuston10@uiuc.edu', 'OW40soAvwLa', 'ROLE_01', 40),
('ID_000041', 'Emmalynne', 'Jerche', 'ejerche11@wunderground.com', 'lNSggOELen', 'ROLE_01', 41),
('ID_000042', 'Donielle', 'Costa', 'dcosta12@who.int', 'd3H9UwA3yu', 'ROLE_01', 42),
('ID_000043', 'Trey', 'Kaspar', 'tkaspar13@facebook.com', 'RYGxiYXO', 'ROLE_01', 43),
('ID_000044', 'Candida', 'Yoselevitch', 'cyoselevitch14@economist.com', 'Fa5oKJMZD', 'ROLE_01', 44),
('ID_000045', 'Ynes', 'Peschka', 'ypeschka15@mozilla.com', 'p79oYI8', 'ROLE_01', 45),
('ID_000046', 'Lexi', 'Pfeuffer', 'lpfeuffer16@usgs.gov', '9TkqW4rWo', 'ROLE_01', 46),
('ID_000047', 'Tudor', 'Franz-Schoninger', 'tfranzschoninger17@tiny.cc', 'VsWZwMpG7B', 'ROLE_01', 47),
('ID_000048', 'Norbert', 'Burdfield', 'nburdfield18@nydailynews.com', 'uyBP7z9Ryl', 'ROLE_01', 48),
('ID_000049', 'Rory', 'Devers', 'rdevers19@de.vu', 'xVHawzyO', 'ROLE_01', 49),
('ID_000050', 'Vin', 'Gilpillan', 'vgilpillan1a@harvard.edu', 'KPiJHfz', 'ROLE_01', 50),
('ID_000051', 'Brodie', 'Eastcourt', 'beastcourt1b@vimeo.com', 'yQBwFQChF8', 'ROLE_01', 51),
('ID_000052', 'Claudian', 'Band', 'cband1c@earthlink.net', 'z1zjtdMx', 'ROLE_01', 52),
('ID_000053', 'Piper', 'Glyn', 'pglyn1d@chicagotribune.com', '0DFoxQHElG', 'ROLE_01', 53),
('ID_000054', 'Corissa', 'Galvan', 'cgalvan1e@archive.org', 'lnchYea', 'ROLE_01', 54),
('ID_000055', 'Hartwell', 'Bownd', 'hbownd1f@auda.org.au', 'c6jZhYwff7', 'ROLE_01', 55),
('ID_000056', 'Eveline', 'Fiske', 'efiske1g@cpanel.net', 's7zWFLN', 'ROLE_01', 56),
('ID_000057', 'Kalina', 'Bertie', 'kbertie1h@mit.edu', 'jrRnaocZz', 'ROLE_01', 57),
('ID_000058', 'Mil', 'O\'Keevan', 'mokeevan1i@blogs.com', 'j9unZg', 'ROLE_01', 58),
('ID_000059', 'Jere', 'Kerridge', 'jkerridge1j@merriam-webster.com', 'ycPehFqRq', 'ROLE_01', 59),
('ID_000060', 'Joni', 'Muino', 'jmuino1k@indiegogo.com', 'iAsUFTEkM', 'ROLE_01', 60),
('ID_000061', 'Erinna', 'Mcettrick', 'emcettrick1l@intel.com', 'afUqXm1g', 'ROLE_01', 61),
('ID_000062', 'Rog', 'Pont', 'rpont1m@ebay.co.uk', 'A89YNGa6ZDy1', 'ROLE_01', 62),
('ID_000063', 'Errol', 'Duesberry', 'eduesberry1n@elpais.com', 'TrOOrZ', 'ROLE_01', 63),
('ID_000064', 'Burt', 'Skene', 'bskene1o@hp.com', 'U8ThA7', 'ROLE_01', 64),
('ID_000065', 'Magnum', 'Strang', 'mstrang1p@yahoo.com', 'kd4iGlvlf9Jn', 'ROLE_01', 65),
('ID_000066', 'Esdras', 'Cowell', 'ecowell1q@techcrunch.com', '3DOH05FpS', 'ROLE_01', 66),
('ID_000067', 'Yvonne', 'Toner', 'ytoner1r@arstechnica.com', '5VHIVzZsY9Ya', 'ROLE_01', 67),
('ID_000068', 'Marne', 'Truswell', 'mtruswell1s@java.com', 'B6jPGP', 'ROLE_01', 68),
('ID_000069', 'Jsandye', 'Peiro', 'jpeiro1t@cbslocal.com', '8kkwcu6XtXb', 'ROLE_01', 69),
('ID_000070', 'Kaja', 'Aishford', 'kaishford1u@guardian.co.uk', 'fCMeXg', 'ROLE_01', 70),
('ID_000071', 'Beryle', 'Welfare', 'bwelfare1v@cbsnews.com', 'xVbYUc', 'ROLE_01', 71),
('ID_000072', 'Cherrita', 'Bumpus', 'cbumpus1w@house.gov', 'r5J8nCve', 'ROLE_01', 72),
('ID_000073', 'Gerhardine', 'Rubanenko', 'grubanenko1x@about.me', 'oAIsIQ9ypac4', 'ROLE_01', 73),
('ID_000074', 'Gay', 'Draijer', 'gdraijer1y@un.org', 'lbieV15HNt', 'ROLE_01', 74),
('ID_000075', 'Vonnie', 'Trump', 'vtrump1z@washington.edu', '43DjUuvK48', 'ROLE_01', 75),
('ID_000076', 'Zorana', 'Portlock', 'zportlock20@telegraph.co.uk', 'Nc57E0sGfs', 'ROLE_01', 76),
('ID_000077', 'Engelbert', 'Groarty', 'egroarty21@amazon.de', 'a9OE7u', 'ROLE_01', 77),
('ID_000078', 'Luisa', 'Freebury', 'lfreebury22@dell.com', 'sofrcwG7T', 'ROLE_01', 78),
('ID_000079', 'Sarene', 'Youson', 'syouson23@admin.ch', 'IhWWt716Kama', 'ROLE_01', 79),
('ID_000080', 'Nichol', 'Izkoveski', 'nizkoveski24@histats.com', 'ngZl1hvZO8ih', 'ROLE_01', 80),
('ID_000081', 'Adena', 'Cardenoza', 'acardenoza25@51.la', 'qZxUOWd5jKmi', 'ROLE_01', 81),
('ID_000082', 'Peterus', 'Hailston', 'phailston26@histats.com', '0MUfNe0', 'ROLE_01', 82),
('ID_000083', 'Alexandros', 'Bruntje', 'abruntje27@opera.com', 'VEnF4Vb9BO', 'ROLE_01', 83),
('ID_000084', 'Fremont', 'Whopples', 'fwhopples28@java.com', 'dn4dO83632S', 'ROLE_01', 84),
('ID_000085', 'Emmott', 'Kobelt', 'ekobelt29@mac.com', 'oZwnJqkW6', 'ROLE_01', 85),
('ID_000086', 'Bernie', 'Calabry', 'bcalabry2a@rakuten.co.jp', 'SHLHp1hhZ', 'ROLE_01', 86),
('ID_000087', 'Wenda', 'Senyard', 'wsenyard2b@nytimes.com', 'TnMrMWUT196', 'ROLE_01', 87),
('ID_000088', 'Gian', 'Aitchinson', 'gaitchinson2c@feedburner.com', 'M00g81Se', 'ROLE_01', 88),
('ID_000089', 'Annabelle', 'Roarty', 'aroarty2d@artisteer.com', 'ik6BvnS', 'ROLE_01', 89),
('ID_000090', 'Ogden', 'Shorie', 'oshorie2e@ftc.gov', 'QorIQEiJsD9s', 'ROLE_01', 90),
('ID_000091', 'Rafi', 'Kuhnt', 'rkuhnt2f@xing.com', 'lfKDslH3C', 'ROLE_01', 91),
('ID_000092', 'Ailyn', 'Robens', 'arobens2g@google.nl', 'yLCoRiJ4OI', 'ROLE_01', 92),
('ID_000093', 'Lela', 'Stuttard', 'lstuttard2h@rediff.com', 'B5thBMPWgj', 'ROLE_01', 93),
('ID_000094', 'Jacinthe', 'Biddles', 'jbiddles2i@stanford.edu', 'isy05W05uPPB', 'ROLE_01', 94),
('ID_000095', 'Julie', 'Heaney`', 'jheaney2j@baidu.com', 'xWUJliv1lD', 'ROLE_01', 95),
('ID_000096', 'Henrietta', 'Avramov', 'havramov2k@blogs.com', 'MoPtaQH', 'ROLE_01', 96),
('ID_000097', 'Bert', 'Winchester', 'bwinchester2l@cdbaby.com', 'Mjuz28G1ZY0', 'ROLE_01', 97),
('ID_000098', 'Shayla', 'Bowater', 'sbowater2m@marriott.com', 'LXjFPlL07', 'ROLE_01', 98),
('ID_000099', 'Rosemonde', 'Tofanini', 'rtofanini2n@wiley.com', 'vjzsAkYxo', 'ROLE_01', 99),
('ID_000100', 'Wang', 'Gives', 'wgives2o@tripod.com', 'g4kOKT2evng', 'ROLE_01', 100),
('ID_000101', 'Christie', 'Barter', 'cbarter2p@smh.com.au', 'idYVp1', 'ROLE_01', 101),
('ID_000102', 'Flint', 'Ketchen', 'fketchen2q@vinaora.com', 'hOtXpXuq8PJ', 'ROLE_01', 102),
('ID_000103', 'Ricki', 'Itzhak', 'ritzhak2r@cbc.ca', 'sYA7bStLiP', 'ROLE_01', 103),
('ID_000104', 'Mallory', 'Siddens', 'msiddens2s@typepad.com', 'y9iXnEV', 'ROLE_01', 104),
('ID_000105', 'Sibley', 'Carletto', 'scarletto2t@irs.gov', 'gRqpJ1Ydky', 'ROLE_01', 105),
('ID_000106', 'Lisha', 'Tarpey', 'ltarpey2u@behance.net', 'g3q40h', 'ROLE_01', 106),
('ID_000107', 'Cassi', 'Loftin', 'cloftin2v@ustream.tv', 'QusJsV77C', 'ROLE_01', 107),
('ID_000108', 'Daffy', 'Hodgets', 'dhodgets2w@huffingtonpost.com', '1K8mEA9', 'ROLE_01', 108),
('ID_000109', 'Jemimah', 'Havis', 'jhavis2x@auda.org.au', 'uwCuNiFXeEr', 'ROLE_01', 109),
('ID_000110', 'Lorette', 'Detheridge', 'ldetheridge2y@china.com.cn', 'NY3dNRnMao', 'ROLE_01', 110),
('ID_000111', 'Fredra', 'Darque', 'fdarque2z@printfriendly.com', '8SuHd92lxWO6', 'ROLE_01', 111),
('ID_000112', 'Gerome', 'Capineer', 'gcapineer30@taobao.com', 'F4oPshaykAq', 'ROLE_01', 112),
('ID_000113', 'Isak', 'Josef', 'ijosef31@posterous.com', 'Hn3H03mE', 'ROLE_01', 113),
('ID_000114', 'Birk', 'Langman', 'blangman32@w3.org', 'HxlMdW', 'ROLE_01', 114),
('ID_000115', 'Jaime', 'Ceeley', 'jceeley33@yahoo.co.jp', 'NCEe5tKWn0QX', 'ROLE_01', 115),
('ID_000116', 'Dennis', 'Townsend', 'dtownsend34@census.gov', 'WqGuz52Fk', 'ROLE_01', 116),
('ID_000117', 'Shanta', 'Treby', 'streby35@deviantart.com', 'E3Mur4V', 'ROLE_01', 117),
('ID_000118', 'Britta', 'Itzkin', 'bitzkin36@hugedomains.com', 'T4nfl0uJ', 'ROLE_01', 118),
('ID_000119', 'Hynda', 'Werndly', 'hwerndly37@comsenz.com', 'yF1wiLR', 'ROLE_01', 119),
('ID_000120', 'Zachery', 'Meah', 'zmeah38@howstuffworks.com', 'MK2TrUuzn2', 'ROLE_01', 120),
('ID_000121', 'Phillip', 'Sigsworth', 'psigsworth39@ehow.com', 'DNiIOG9ncZn', 'ROLE_01', 121),
('ID_000122', 'Carmen', 'Bladen', 'cbladen3a@unicef.org', 'EdV11h1qy', 'ROLE_01', 122),
('ID_000123', 'Marielle', 'Eul', 'meul3b@engadget.com', 'nR26sr9lWR3', 'ROLE_01', 123),
('ID_000124', 'Justin', 'Mulvany', 'jmulvany3c@ucsd.edu', 'B3c76HQg', 'ROLE_01', 124),
('ID_000125', 'Jorge', 'Atley', 'jatley3d@ifeng.com', 'dZveF0EmhAT', 'ROLE_01', 125),
('ID_000126', 'Lorenzo', 'Iacomini', 'liacomini3e@booking.com', 'Rr9820Ofk', 'ROLE_01', 126),
('ID_000127', 'Brit', 'Siberry', 'bsiberry3f@webeden.co.uk', 'TpkYICCJE', 'ROLE_01', 127),
('ID_000128', 'Monti', 'Aslett', 'maslett3g@4shared.com', 'KmXJiMq1', 'ROLE_01', 128),
('ID_000129', 'Olag', 'Farrens', 'ofarrens3h@msn.com', 'ZXh5RuQb3WT', 'ROLE_01', 129),
('ID_000130', 'West', 'Collick', 'wcollick3i@shutterfly.com', 'CflkKMhT6C', 'ROLE_01', 130),
('ID_000131', 'Carolann', 'Chomicz', 'cchomicz3j@dion.ne.jp', 'UXNNE6nYBZ', 'ROLE_01', 131),
('ID_000132', 'Zelma', 'Tout', 'ztout3k@wiley.com', 'SMmlzYGJ', 'ROLE_01', 132),
('ID_000133', 'Dee dee', 'Allchin', 'dallchin3l@over-blog.com', '9XQcGWs', 'ROLE_01', 133),
('ID_000134', 'Todd', 'Ondricek', 'tondricek3m@de.vu', 'YwbxEbon8DJx', 'ROLE_01', 134),
('ID_000135', 'Bern', 'Heinsen', 'bheinsen3n@twitpic.com', 'MHllD93M', 'ROLE_01', 135),
('ID_000136', 'Jude', 'Hollow', 'jhollow3o@soup.io', '0S2N2Tcg', 'ROLE_01', 136),
('ID_000137', 'Sibeal', 'Mathwen', 'smathwen3p@theguardian.com', '4lokNV', 'ROLE_01', 137),
('ID_000138', 'Town', 'Bilney', 'tbilney3q@mail.ru', 'AxIefcoF31', 'ROLE_01', 138),
('ID_000139', 'Freeman', 'MacMeanma', 'fmacmeanma3r@digg.com', '5CSLRE51', 'ROLE_01', 139),
('ID_000140', 'Georgie', 'Husband', 'ghusband3s@psu.edu', '3IalHQHs', 'ROLE_01', 140),
('ID_000141', 'Bria', 'Dine-Hart', 'bdinehart3t@npr.org', 'Ydxow7w5I3Sy', 'ROLE_01', 141),
('ID_000142', 'Tedra', 'Gabriel', 'tgabriel3u@kickstarter.com', 'IrbZmk4WsDan', 'ROLE_01', 142),
('ID_000143', 'Dennison', 'Sterte', 'dsterte3v@baidu.com', 'fNYo0f', 'ROLE_01', 143),
('ID_000144', 'Maryellen', 'McWhorter', 'mmcwhorter3w@opera.com', 'p61SgyK5wEB', 'ROLE_01', 144),
('ID_000145', 'Esra', 'Gammade', 'egammade3x@blinklist.com', 'XZvMAF', 'ROLE_01', 145),
('ID_000146', 'Ludovico', 'Aizic', 'laizic3y@mayoclinic.com', 'FB4FfL2hU', 'ROLE_01', 146),
('ID_000147', 'Alexine', 'Redhouse', 'aredhouse3z@upenn.edu', 'QXbmC8XAID', 'ROLE_01', 147),
('ID_000148', 'Tucky', 'Wife', 'twife40@spotify.com', 'i6kTWT', 'ROLE_01', 148),
('ID_000149', 'Pepi', 'Nucci', 'pnucci41@weibo.com', 'XbEwq0Z0VU', 'ROLE_01', 149),
('ID_000150', 'Marjorie', 'Crichton', 'mcrichton42@smugmug.com', 'TI6s3r6', 'ROLE_01', 150),
('ID_000151', 'Callie', 'Mannix', 'cmannix43@comsenz.com', 'ZJSwcIuC', 'ROLE_01', 151),
('ID_000152', 'Patty', 'Jost', 'pjost44@ning.com', 'DPgXA1wn', 'ROLE_01', 152),
('ID_000153', 'Doretta', 'de Merida', 'ddemerida45@parallels.com', 'LDPMfan', 'ROLE_01', 153),
('ID_000154', 'Michail', 'Hebbard', 'mhebbard46@biblegateway.com', 'kyxZ8AIgacPo', 'ROLE_01', 154),
('ID_000155', 'Tiffany', 'Lipgens', 'tlipgens47@patch.com', 'K568MIhCKy', 'ROLE_01', 155),
('ID_000156', 'Alie', 'Ruegg', 'aruegg48@odnoklassniki.ru', 'FMvJh5gOfO6', 'ROLE_01', 156),
('ID_000157', 'Willow', 'Rault', 'wrault49@shareasale.com', 'r6knh812b', 'ROLE_01', 157),
('ID_000158', 'Hewitt', 'Fell', 'hfell4a@networkadvertising.org', 'tlebsv5QboFc', 'ROLE_01', 158),
('ID_000159', 'Janene', 'Palke', 'jpalke4b@godaddy.com', 'XiUjo5uGdo6p', 'ROLE_01', 159),
('ID_000160', 'Hasheem', 'MacRorie', 'hmacrorie4c@ustream.tv', 'D0F5x8Dhl7h', 'ROLE_01', 160),
('ID_000161', 'Isabel', 'Dower', 'idower4d@gravatar.com', '0hQIbEQy', 'ROLE_01', 161),
('ID_000162', 'Marthe', 'Mealham', 'mmealham4e@japanpost.jp', 'txTI2E', 'ROLE_01', 162),
('ID_000163', 'Kristin', 'Heavyside', 'kheavyside4f@e-recht24.de', '4T1Mr5H', 'ROLE_01', 163),
('ID_000164', 'Conny', 'Lattie', 'clattie4g@bbb.org', 'RdPLCYO6', 'ROLE_01', 164),
('ID_000165', 'Nichols', 'Sterndale', 'nsterndale4h@examiner.com', 'lvui2M5UzJcJ', 'ROLE_01', 165),
('ID_000166', 'Jany', 'Gillies', 'jgillies4i@bloomberg.com', 'pKc2we2kfL', 'ROLE_01', 166),
('ID_000167', 'Nikki', 'Andrzejczak', 'nandrzejczak4j@imgur.com', 'xdQIkHZPP', 'ROLE_01', 167),
('ID_000168', 'Lesly', 'Titchener', 'ltitchener4k@ning.com', 'D4IBYX5', 'ROLE_01', 168),
('ID_000169', 'Ignazio', 'Hewlings', 'ihewlings4l@amazon.co.uk', 'F0eFpyjQUr', 'ROLE_01', 169),
('ID_000170', 'Alana', 'Hultberg', 'ahultberg4m@bbb.org', 'kbMB6sjcD', 'ROLE_01', 170),
('ID_000171', 'Josey', 'Gaythor', 'jgaythor4n@google.nl', 'AGaMkJ', 'ROLE_01', 171),
('ID_000172', 'Davey', 'Sleep', 'dsleep4o@purevolume.com', 'oWqQoX', 'ROLE_01', 172),
('ID_000173', 'Othella', 'Spilling', 'ospilling4p@macromedia.com', 'kwx6I7urjyGA', 'ROLE_01', 173),
('ID_000174', 'Prudi', 'Pike', 'ppike4q@ebay.com', 'QS2h2L', 'ROLE_01', 174),
('ID_000175', 'Eddy', 'Dobel', 'edobel4r@goo.gl', 'Jm1C9GwA', 'ROLE_01', 175),
('ID_000176', 'Ruperto', 'Askam', 'raskam4s@jiathis.com', 'j0RossY1C', 'ROLE_01', 176),
('ID_000177', 'Helenelizabeth', 'Toogood', 'htoogood4t@comcast.net', 'rBJOJP', 'ROLE_01', 177),
('ID_000178', 'Donal', 'De Gregario', 'ddegregario4u@mozilla.org', 'VXLvMTKp9I', 'ROLE_01', 178),
('ID_000179', 'Graeme', 'Delle', 'gdelle4v@wikia.com', 'lwySrfBRlZW', 'ROLE_01', 179),
('ID_000180', 'Marlie', 'Caulier', 'mcaulier4w@naver.com', 'lHyNPbG6', 'ROLE_01', 180),
('ID_000181', 'Alyosha', 'Clemson', 'aclemson4x@dmoz.org', 'Swo7JdTR8d', 'ROLE_01', 181),
('ID_000182', 'Jodi', 'Ciciotti', 'jciciotti4y@ebay.co.uk', 'Ea8psKxzO', 'ROLE_01', 182),
('ID_000183', 'Cirilo', 'Quarry', 'cquarry4z@rediff.com', 'DoM9LDBzyeFy', 'ROLE_01', 183),
('ID_000184', 'Lyndy', 'Stranaghan', 'lstranaghan50@wikipedia.org', 'CENdFht', 'ROLE_01', 184),
('ID_000185', 'Jarib', 'Jansik', 'jjansik51@bizjournals.com', 'hBLxljY', 'ROLE_01', 185),
('ID_000186', 'Ber', 'Burnie', 'bburnie52@devhub.com', 'Q7OVHZN1de', 'ROLE_01', 186),
('ID_000187', 'Hewe', 'MacDirmid', 'hmacdirmid53@icq.com', 'EIrSPJmi48GS', 'ROLE_01', 187),
('ID_000188', 'Heath', 'Ankrett', 'hankrett54@tmall.com', 'u9aaLboZtk9i', 'ROLE_01', 188),
('ID_000189', 'Sofia', 'Cromer', 'scromer55@a8.net', 'ZTrozd', 'ROLE_01', 189),
('ID_000190', 'Humfrey', 'Allabarton', 'hallabarton56@amazon.com', 'KJBxFi', 'ROLE_01', 190),
('ID_000191', 'Barclay', 'Nelmes', 'bnelmes57@dailymail.co.uk', 'lt9bZlNANd8', 'ROLE_01', 191),
('ID_000192', 'Leslie', 'Gregorin', 'lgregorin58@reuters.com', '1GM1ugo6orix', 'ROLE_01', 192),
('ID_000193', 'Tim', 'Playford', 'tplayford59@163.com', 'zvotvl', 'ROLE_01', 193),
('ID_000194', 'Clarence', 'Perfitt', 'cperfitt5a@amazon.com', '5NyM3y', 'ROLE_01', 194),
('ID_000195', 'Dorie', 'Bowerman', 'dbowerman5b@bing.com', 'uKMiMKy', 'ROLE_01', 195),
('ID_000196', 'Eustacia', 'Bruno', 'ebruno5c@livejournal.com', 'RjhhZj6VzX7', 'ROLE_01', 196),
('ID_000197', 'Genevieve', 'Scimone', 'gscimone5d@sbwire.com', 'mAEJ3p9DD0Pa', 'ROLE_01', 197),
('ID_000198', 'Catharina', 'Mair', 'cmair5e@kickstarter.com', 'SLJ0Ylu', 'ROLE_01', 198),
('ID_000199', 'Lilian', 'Jowle', 'ljowle5f@skyrock.com', 'LbrFxa7R', 'ROLE_01', 199),
('ID_000200', 'Grata', 'Gerrish', 'ggerrish5g@cargocollective.com', 'FwFaCqJsU', 'ROLE_01', 200),
('ID_000201', 'Mirelle', 'Capelen', 'mcapelen5h@wix.com', '6QtwsZorG', 'ROLE_01', 201),
('ID_000202', 'Nada', 'Fullard', 'nfullard5i@uol.com.br', 'L8x3qTD', 'ROLE_01', 202),
('ID_000203', 'Carolyn', 'Beasley', 'cbeasley5j@google.com', 'wEfnRiyb7a7', 'ROLE_01', 203),
('ID_000204', 'Pattin', 'Laughrey', 'plaughrey5k@blogtalkradio.com', '1Z5GIh', 'ROLE_01', 204),
('ID_000205', 'Kirstin', 'Boffin', 'kboffin5l@booking.com', 'Gb1zRXqv', 'ROLE_01', 205),
('ID_000206', 'Stephi', 'Raiston', 'sraiston5m@facebook.com', 'c9l57Y0HyAoM', 'ROLE_01', 206),
('ID_000207', 'Deeyn', 'Hagger', 'dhagger5n@wix.com', 'rXxvGY40N', 'ROLE_01', 207),
('ID_000208', 'Thomasine', 'Ridgedell', 'tridgedell5o@imdb.com', 'Iiwht53', 'ROLE_01', 208),
('ID_000209', 'Jeanna', 'Tufts', 'jtufts5p@shinystat.com', 'gg4SAQ', 'ROLE_01', 209),
('ID_000210', 'Bernadene', 'D\'Aeth', 'bdaeth5q@mtv.com', 'KtE0kE93Q', 'ROLE_01', 210),
('ID_000211', 'Brandon', 'Cherrett', 'bcherrett5r@columbia.edu', 'vxYLU13CXIyJ', 'ROLE_01', 211),
('ID_000212', 'Angel', 'Ninnis', 'aninnis5s@economist.com', '83xjY0b6OX', 'ROLE_01', 212),
('ID_000213', 'Merissa', 'McGeachie', 'mmcgeachie5t@desdev.cn', 'afpx1f34L', 'ROLE_01', 213),
('ID_000214', 'Jerrome', 'Lorden', 'jlorden5u@woothemes.com', 'ScO4nMKOwoVK', 'ROLE_01', 214),
('ID_000215', 'Kimmie', 'Wyard', 'kwyard5v@chron.com', 'bWCod93yfZ', 'ROLE_01', 215),
('ID_000216', 'Gerrard', 'Strang', 'gstrang5w@pen.io', '5peXWD9Wv0', 'ROLE_01', 216),
('ID_000217', 'Bealle', 'Pitceathly', 'bpitceathly5x@sphinn.com', '28OHqPRKcM5t', 'ROLE_01', 217),
('ID_000218', 'Ruben', 'Thorington', 'rthorington5y@telegraph.co.uk', '235N5DFq8Nec', 'ROLE_01', 218),
('ID_000219', 'Holt', 'Thomen', 'hthomen5z@123-reg.co.uk', 'zaLIhNdqK', 'ROLE_01', 219),
('ID_000220', 'Patience', 'Thackham', 'pthackham60@nifty.com', 'WeKSpi5U2BI', 'ROLE_01', 220),
('ID_000221', 'Jana', 'MacKeague', 'jmackeague61@cmu.edu', 'vx02ScjpPp', 'ROLE_01', 221),
('ID_000222', 'Ethelbert', 'Hawe', 'ehawe62@soup.io', 'VBxdkj5m2jV', 'ROLE_01', 222),
('ID_000223', 'Nanni', 'Plaister', 'nplaister63@wiley.com', 'ioxmuR', 'ROLE_01', 223),
('ID_000224', 'Colin', 'Ponde', 'cponde64@plala.or.jp', 'Kp7da3HOXs', 'ROLE_01', 224),
('ID_000225', 'Bank', 'Ragate', 'bragate65@artisteer.com', 'Z0poCd', 'ROLE_01', 225),
('ID_000226', 'Berkeley', 'Poel', 'bpoel66@drupal.org', 'TCmWy5', 'ROLE_01', 226),
('ID_000227', 'Irita', 'Tourville', 'itourville67@harvard.edu', '0nmjIhepLg8', 'ROLE_01', 227),
('ID_000228', 'Sharla', 'Silliman', 'ssilliman68@umn.edu', 'aqtmhrdH', 'ROLE_01', 228),
('ID_000229', 'Erny', 'Olekhov', 'eolekhov69@npr.org', 'HnnSSYIgIk', 'ROLE_01', 229),
('ID_000230', 'Xena', 'Huddy', 'xhuddy6a@yellowbook.com', 'lAjrTkQpz9uw', 'ROLE_01', 230),
('ID_000231', 'Ash', 'Oloshkin', 'aoloshkin6b@smh.com.au', 'DAd178', 'ROLE_01', 231),
('ID_000232', 'Mort', 'Ravenscraft', 'mravenscraft6c@xrea.com', 'hGBZNwQeU6A', 'ROLE_01', 232),
('ID_000233', 'Noah', 'Coveney', 'ncoveney6d@go.com', 'pS5FDxhVeMCL', 'ROLE_01', 233),
('ID_000234', 'Woodman', 'Gabbotts', 'wgabbotts6e@intel.com', 'VT92lkdXZk2Z', 'ROLE_01', 234),
('ID_000235', 'Griz', 'Ianno', 'gianno6f@1688.com', 'yEqtYNRAS0', 'ROLE_01', 235),
('ID_000236', 'Drona', 'Krystof', 'dkrystof6g@sohu.com', 'j5NLGCyT', 'ROLE_01', 236),
('ID_000237', 'Andris', 'Kennifick', 'akennifick6h@fotki.com', 'AHXqRzHgAjyz', 'ROLE_01', 237),
('ID_000238', 'Chrysa', 'Greswell', 'cgreswell6i@jiathis.com', '9qZu6w', 'ROLE_01', 238),
('ID_000239', 'Loren', 'London', 'llondon6j@last.fm', 'dbV07NcZ', 'ROLE_01', 239),
('ID_000240', 'Julita', 'Duplain', 'jduplain6k@cdbaby.com', 'izfWzeAQ5', 'ROLE_01', 240),
('ID_000241', 'Gloria', 'Purvis', 'gpurvis6l@pcworld.com', 'ef07Omm', 'ROLE_01', 241),
('ID_000242', 'Marcellina', 'Colbourne', 'mcolbourne6m@paginegialle.it', 'SUaFVPwie', 'ROLE_01', 242),
('ID_000243', 'Davie', 'McMillian', 'dmcmillian6n@unblog.fr', 'I1wLNKL', 'ROLE_01', 243),
('ID_000244', 'Corilla', 'Canto', 'ccanto6o@unesco.org', 'cAB6OXG', 'ROLE_01', 244),
('ID_000245', 'Koral', 'Elecum', 'kelecum6p@hc360.com', 'TA4titnKD5q', 'ROLE_01', 245),
('ID_000246', 'Tynan', 'Pudden', 'tpudden6q@bandcamp.com', 'fdAQWHXI42ah', 'ROLE_01', 246),
('ID_000247', 'Rosemary', 'Setterfield', 'rsetterfield6r@theatlantic.com', 'qKZ9g8kTZQv', 'ROLE_01', 247),
('ID_000248', 'Constantin', 'Godehard.sf', 'cgodehardsf6s@weebly.com', 'szfNlfwj', 'ROLE_01', 248),
('ID_000249', 'Morgana', 'Skala', 'mskala6t@amazon.co.uk', 'K3FCK7', 'ROLE_01', 249),
('ID_000250', 'Nathalie', 'Boncore', 'nboncore6u@blogs.com', 'kpW9ZgBmSwOv', 'ROLE_01', 250),
('ID_000251', 'Gwenneth', 'Demsey', 'gdemsey6v@cmu.edu', '1DAUXp', 'ROLE_01', 251),
('ID_000252', 'Cordie', 'Meech', 'cmeech6w@g.co', 'TwLFppEjP4', 'ROLE_01', 252),
('ID_000253', 'Selene', 'Kamen', 'skamen6x@nasa.gov', 'SY0cJqcwPG', 'ROLE_01', 253),
('ID_000254', 'Georgeta', 'Isacke', 'gisacke6y@surveymonkey.com', 'fD2Hk84PhGUS', 'ROLE_01', 254),
('ID_000255', 'Emlyn', 'Viscovi', 'eviscovi6z@ehow.com', 'oCMzoUo4Q', 'ROLE_01', 255),
('ID_000256', 'Barry', 'Blancowe', 'bblancowe70@mapquest.com', 'aSlWzcFO5', 'ROLE_01', 256),
('ID_000257', 'Andee', 'Sussams', 'asussams71@umn.edu', '1t08MRMM', 'ROLE_01', 257),
('ID_000258', 'Elle', 'Goodlatt', 'egoodlatt72@ft.com', 'SyXN47', 'ROLE_01', 258),
('ID_000259', 'Marty', 'MacCarroll', 'mmaccarroll73@altervista.org', 'OqQeLIlg9XQ', 'ROLE_01', 259),
('ID_000260', 'Carie', 'Gieves', 'cgieves74@adobe.com', '3JyoCMJ7hK', 'ROLE_01', 260),
('ID_000261', 'Wyn', 'Killerby', 'wkillerby75@nytimes.com', '0KiKHp6l', 'ROLE_01', 261),
('ID_000262', 'Morton', 'Manna', 'mmanna76@jalbum.net', 'EAxJZ9', 'ROLE_01', 262),
('ID_000263', 'Francyne', 'Coot', 'fcoot77@liveinternet.ru', 'DtaqfqBOhcM', 'ROLE_01', 263),
('ID_000264', 'Darsie', 'Bernat', 'dbernat78@zdnet.com', 'LbJCIByHkk', 'ROLE_01', 264),
('ID_000265', 'Tatum', 'Arendsen', 'tarendsen79@devhub.com', 'Etv1dX0', 'ROLE_01', 265),
('ID_000266', 'Otha', 'Jezzard', 'ojezzard7a@meetup.com', 'K60wHaiPk9', 'ROLE_01', 266),
('ID_000267', 'Mandi', 'Kilbride', 'mkilbride7b@telegraph.co.uk', 't0kTME8', 'ROLE_01', 267),
('ID_000268', 'York', 'Cremin', 'ycremin7c@slideshare.net', 'YkG5GP', 'ROLE_01', 268),
('ID_000269', 'Sauveur', 'Richardson', 'srichardson7d@admin.ch', 'DWvciZgU0Ry5', 'ROLE_01', 269),
('ID_000270', 'Dale', 'Iacovuzzi', 'diacovuzzi7e@fda.gov', 'hyENfgxm', 'ROLE_01', 270),
('ID_000271', 'Rudolph', 'Chesman', 'rchesman7f@dagondesign.com', 'Ml1VqOQFD', 'ROLE_01', 271),
('ID_000272', 'Adelina', 'Venables', 'avenables7g@example.com', 'QqEWlE83ZJ', 'ROLE_01', 272),
('ID_000273', 'Noelle', 'Scruby', 'nscruby7h@google.ru', 'zgMRoVpC', 'ROLE_01', 273),
('ID_000274', 'Mortie', 'Tofanini', 'mtofanini7i@seesaa.net', 'yst57YC', 'ROLE_01', 274),
('ID_000275', 'Nichol', 'Dunbobbin', 'ndunbobbin7j@mapy.cz', 'UCz75yvw9', 'ROLE_01', 275),
('ID_000276', 'Riannon', 'Agass', 'ragass7k@wikispaces.com', '3m66uk1', 'ROLE_01', 276),
('ID_000277', 'Norton', 'Francisco', 'nfrancisco7l@statcounter.com', 'Ol6n1KnfIt3', 'ROLE_01', 277),
('ID_000278', 'Kendal', 'Hartropp', 'khartropp7m@biblegateway.com', 'n4ulABZ1o', 'ROLE_01', 278),
('ID_000279', 'Elyssa', 'Micklem', 'emicklem7n@skyrock.com', 'QNfMDM', 'ROLE_01', 279),
('ID_000280', 'Granville', 'Oakland', 'goakland7o@cornell.edu', 'Y81Epe', 'ROLE_01', 280),
('ID_000281', 'Brandy', 'Doggerell', 'bdoggerell7p@artisteer.com', 'TEjL79G', 'ROLE_01', 281),
('ID_000282', 'Devlen', 'Caccavale', 'dcaccavale7q@homestead.com', 'MRSxJKq', 'ROLE_01', 282),
('ID_000283', 'Layney', 'Martynka', 'lmartynka7r@cornell.edu', 'lA5ZKOO', 'ROLE_01', 283),
('ID_000284', 'Ollie', 'Cowp', 'ocowp7s@edublogs.org', 'psaA2S', 'ROLE_01', 284),
('ID_000285', 'Lin', 'Habbershon', 'lhabbershon7t@msn.com', 'VnSm1bVU2UbX', 'ROLE_01', 285),
('ID_000286', 'Jere', 'Tideswell', 'jtideswell7u@livejournal.com', 'UJzBvtSJ', 'ROLE_01', 286),
('ID_000287', 'Roscoe', 'Scowen', 'rscowen7v@msn.com', 'HkDXYA', 'ROLE_01', 287),
('ID_000288', 'Torrey', 'Storms', 'tstorms7w@washington.edu', 'K6rF79ApBCQj', 'ROLE_01', 288),
('ID_000289', 'Niall', 'Fairbourn', 'nfairbourn7x@msn.com', 'Ee3uvtFWyeN1', 'ROLE_01', 289),
('ID_000290', 'Nelie', 'Abrey', 'nabrey7y@mlb.com', 'HmmRu8e0Ka', 'ROLE_01', 290),
('ID_000291', 'Tristan', 'Schlagtmans', 'tschlagtmans7z@opera.com', 'Q1ASlQ4pbHLz', 'ROLE_01', 291),
('ID_000292', 'Thorndike', 'Pinchen', 'tpinchen80@godaddy.com', 'bIF70QhL4nrB', 'ROLE_01', 292),
('ID_000293', 'Rakel', 'Slayton', 'rslayton81@people.com.cn', '5DLfq3ks', 'ROLE_01', 293),
('ID_000294', 'Lily', 'Fincken', 'lfincken82@t-online.de', 'wU1pqzdZd', 'ROLE_01', 294),
('ID_000295', 'Mack', 'Enrico', 'menrico83@springer.com', 'U7Cucb', 'ROLE_01', 295),
('ID_000296', 'Burt', 'Holston', 'bholston84@mashable.com', 'LQIzW2gPvh', 'ROLE_01', 296),
('ID_000297', 'Killy', 'Stenners', 'kstenners85@booking.com', 'aGghmmSO', 'ROLE_01', 297),
('ID_000298', 'Isidro', 'Tatteshall', 'itatteshall86@stumbleupon.com', 'bk3rKl', 'ROLE_01', 298),
('ID_000299', 'Stuart', 'Carnilian', 'scarnilian87@ftc.gov', 'MWaL1f', 'ROLE_01', 299),
('ID_000300', 'Grant', 'Gibben', 'ggibben88@dion.ne.jp', 'qrnvWU4uiI', 'ROLE_01', 300),
('ID_000301', 'Eada', 'Hysom', 'ehysom89@theglobeandmail.com', 'BnDJIJqB3', 'ROLE_01', 301),
('ID_000302', 'Sharyl', 'Brunsdon', 'sbrunsdon8a@ebay.co.uk', 'UTHmTEhJb', 'ROLE_01', 302),
('ID_000303', 'Annmarie', 'Kindley', 'akindley8b@etsy.com', 'RZDVbIN5sDel', 'ROLE_01', 303),
('ID_000304', 'Lindy', 'Gooding', 'lgooding8c@mapquest.com', 'qLj7f3LuP6ki', 'ROLE_01', 304),
('ID_000305', 'Shelly', 'Camois', 'scamois8d@jalbum.net', 'uM4NDv', 'ROLE_01', 305),
('ID_000306', 'Joelly', 'Eltone', 'jeltone8e@csmonitor.com', 'nZKoBkrImJGD', 'ROLE_01', 306),
('ID_000307', 'Anthe', 'Jarman', 'ajarman8f@weibo.com', 'jhMhKTv5yqL', 'ROLE_01', 307),
('ID_000308', 'Gustavo', 'Gianninotti', 'ggianninotti8g@blogtalkradio.com', 'scmpqbb6bW9c', 'ROLE_01', 308),
('ID_000309', 'Freedman', 'Almond', 'falmond8h@washington.edu', 'YHHkzAxkY0t3', 'ROLE_01', 309),
('ID_000310', 'Christye', 'Itzakovitz', 'citzakovitz8i@dropbox.com', 'GvByh9Zmr', 'ROLE_01', 310),
('ID_000311', 'Sharon', 'Crosston', 'scrosston8j@ameblo.jp', 'gs9HJua', 'ROLE_01', 311),
('ID_000312', 'Vladamir', 'Belitz', 'vbelitz8k@rambler.ru', 'i5cFMQsM3', 'ROLE_01', 312),
('ID_000313', 'Berkly', 'Bernakiewicz', 'bbernakiewicz8l@studiopress.com', 'DRUA7jlu', 'ROLE_01', 313),
('ID_000314', 'Casi', 'Godsal', 'cgodsal8m@reverbnation.com', 'VHa1SrkQrTS', 'ROLE_01', 314),
('ID_000315', 'Nerissa', 'Robeson', 'nrobeson8n@yale.edu', 'MRq1AdWCja', 'ROLE_01', 315),
('ID_000316', 'Trix', 'McMains', 'tmcmains8o@sourceforge.net', 'vGXfbyQ', 'ROLE_01', 316),
('ID_000317', 'Bryana', 'Boyack', 'bboyack8p@state.gov', 'TzKCfsJlejfa', 'ROLE_01', 317),
('ID_000318', 'Ola', 'Godman', 'ogodman8q@nifty.com', 'So8qZ9MVjx', 'ROLE_01', 318),
('ID_000319', 'Enrico', 'Digan', 'edigan8r@intel.com', 'Fkr67tDNe', 'ROLE_01', 319),
('ID_000320', 'Meredeth', 'Teasdale-Markie', 'mteasdalemarkie8s@behance.net', '6h8i8walG', 'ROLE_01', 320),
('ID_000321', 'Wilone', 'Seers', 'wseers8t@e-recht24.de', 'JrAQdhsRZFj', 'ROLE_01', 321),
('ID_000322', 'Konstantine', 'Medeway', 'kmedeway8u@tumblr.com', '1lDi8Xfa', 'ROLE_01', 322),
('ID_000323', 'Becca', 'Strowger', 'bstrowger8v@newyorker.com', 'RK0KnZx4Dh', 'ROLE_01', 323),
('ID_000324', 'Lotti', 'Sibbe', 'lsibbe8w@163.com', 'TgRcPGt', 'ROLE_01', 324),
('ID_000325', 'Merwyn', 'Reeday', 'mreeday8x@dion.ne.jp', 'ljeegpb4QsoC', 'ROLE_01', 325),
('ID_000326', 'Simmonds', 'Yeardley', 'syeardley8y@stumbleupon.com', 'AUOz5y', 'ROLE_01', 326),
('ID_000327', 'Margery', 'Thorneley', 'mthorneley8z@nbcnews.com', 'Y8SIRWsmF3BO', 'ROLE_01', 327),
('ID_000328', 'Lewes', 'Paz', 'lpaz90@hud.gov', 'NRpozygMhhpn', 'ROLE_01', 328),
('ID_000329', 'Korie', 'Skewis', 'kskewis91@odnoklassniki.ru', '9CWlhIbHz0N', 'ROLE_01', 329),
('ID_000330', 'Pattin', 'Powe', 'ppowe92@icq.com', 'LQQM2lqnlklc', 'ROLE_01', 330),
('ID_000331', 'Lucretia', 'Patis', 'lpatis93@sina.com.cn', 'sxnP8JRSrOHk', 'ROLE_01', 331),
('ID_000332', 'Gabriellia', 'Meus', 'gmeus94@artisteer.com', '5vtvH3M', 'ROLE_01', 332),
('ID_000333', 'Winnah', 'Cowherd', 'wcowherd95@tinyurl.com', 'G1HgbHDHOaW', 'ROLE_01', 333),
('ID_000334', 'Morgen', 'Keppy', 'mkeppy96@joomla.org', 'xuNL1Q2B', 'ROLE_01', 334),
('ID_000335', 'Lazar', 'Hollingby', 'lhollingby97@un.org', 'UIIby3CVAF0f', 'ROLE_01', 335),
('ID_000336', 'Anson', 'Meadowcraft', 'ameadowcraft98@t.co', 'UdxSSjoqC4C', 'ROLE_01', 336),
('ID_000337', 'Penelope', 'Wimpey', 'pwimpey99@blog.com', 'TAFw6Ft', 'ROLE_01', 337),
('ID_000338', 'Evvy', 'Goad', 'egoad9a@ft.com', '44B2fpAkGvQ', 'ROLE_01', 338),
('ID_000339', 'Corinna', 'Huggens', 'chuggens9b@mozilla.org', 'QFMyHV2', 'ROLE_01', 339),
('ID_000340', 'Massimo', 'Crayk', 'mcrayk9c@omniture.com', 'qWvWd7rvsO', 'ROLE_01', 340),
('ID_000341', 'Jard', 'Gillopp', 'jgillopp9d@yellowpages.com', 'b0hgIFxVz6h', 'ROLE_01', 341),
('ID_000342', 'Coop', 'Vagg', 'cvagg9e@1und1.de', 'zuhgPK', 'ROLE_01', 342),
('ID_000343', 'Kelley', 'Beckers', 'kbeckers9f@facebook.com', 'DRweYxzeuo', 'ROLE_01', 343),
('ID_000344', 'Kimberlee', 'Simonassi', 'ksimonassi9g@pcworld.com', 'kEpI3A3ky', 'ROLE_01', 344),
('ID_000345', 'Jacquelin', 'McAdam', 'jmcadam9h@privacy.gov.au', '9tGxr2Y', 'ROLE_01', 345),
('ID_000346', 'Pavia', 'Fawson', 'pfawson9i@ucoz.com', 'pR0alzd8x', 'ROLE_01', 346),
('ID_000347', 'Lebbie', 'Wilcock', 'lwilcock9j@squidoo.com', 'JroXxc6smCPP', 'ROLE_01', 347),
('ID_000348', 'Guilbert', 'Borthwick', 'gborthwick9k@hibu.com', 'zyO29K10AjGd', 'ROLE_01', 348),
('ID_000349', 'Lotty', 'Peiro', 'lpeiro9l@wunderground.com', 'cLUMMOamdVH', 'ROLE_01', 349),
('ID_000350', 'Rubia', 'Chitham', 'rchitham9m@php.net', 'nf4zqWhzBl', 'ROLE_01', 350),
('ID_000351', 'Nessi', 'Malster', 'nmalster9n@microsoft.com', 'r1go9prrlmf', 'ROLE_01', 351),
('ID_000352', 'Cece', 'Mardlin', 'cmardlin9o@bluehost.com', 'vfGoFfuXC', 'ROLE_01', 352),
('ID_000353', 'Ellery', 'Peert', 'epeert9p@livejournal.com', 'FquoT1XTK8', 'ROLE_01', 353),
('ID_000354', 'Lorry', 'Clougher', 'lclougher9q@globo.com', 'hiHVRQkkrhL5', 'ROLE_01', 354),
('ID_000355', 'Minetta', 'Yearron', 'myearron9r@csmonitor.com', 'avv1kt8HEVF', 'ROLE_01', 355),
('ID_000356', 'Arlinda', 'Toffalo', 'atoffalo9s@dedecms.com', 'zSvTGfGsfVd', 'ROLE_01', 356),
('ID_000357', 'Carmita', 'Bilston', 'cbilston9t@go.com', 'K6ygObFZy', 'ROLE_01', 357),
('ID_000358', 'Kelcy', 'Mattersey', 'kmattersey9u@japanpost.jp', 'meF8bE8bcf', 'ROLE_01', 358),
('ID_000359', 'Isadore', 'Cowdray', 'icowdray9v@printfriendly.com', 'T2GJOKJsoou', 'ROLE_01', 359),
('ID_000360', 'Cleopatra', 'Finlay', 'cfinlay9w@4shared.com', 'TyGpnPn5FvgI', 'ROLE_01', 360),
('ID_000361', 'Lyda', 'Gooding', 'lgooding9x@webnode.com', '7DSbfD0', 'ROLE_01', 361),
('ID_000362', 'Bryn', 'Benedetti', 'bbenedetti9y@dropbox.com', 'VhIW6YuHZO', 'ROLE_01', 362),
('ID_000363', 'Tan', 'Mattaser', 'tmattaser9z@hud.gov', 'hnGwlTBY', 'ROLE_01', 363),
('ID_000364', 'Klaus', 'Laffranconi', 'klaffranconia0@prweb.com', '48ljyumKteXg', 'ROLE_01', 364),
('ID_000365', 'Waly', 'Cahillane', 'wcahillanea1@php.net', '9Qm1Ji', 'ROLE_01', 365),
('ID_000366', 'Alden', 'Couves', 'acouvesa2@ox.ac.uk', 'JZjr1n1ZuZ', 'ROLE_01', 366),
('ID_000367', 'Harry', 'Lerer', 'hlerera3@ebay.com', 'VZy7rk', 'ROLE_01', 367),
('ID_000368', 'Raquela', 'Laybourn', 'rlaybourna4@amazon.co.uk', '0G6DzXh', 'ROLE_01', 368),
('ID_000369', 'Findlay', 'Barwood', 'fbarwooda5@nytimes.com', 'HXWLkhaGo', 'ROLE_01', 369),
('ID_000370', 'Anthea', 'Pilipets', 'apilipetsa6@cnn.com', 'wWsfwlN', 'ROLE_01', 370),
('ID_000371', 'Del', 'Polycote', 'dpolycotea7@over-blog.com', 'mt1SBgdl', 'ROLE_01', 371),
('ID_000372', 'Hildy', 'Dundin', 'hdundina8@icio.us', 'zFcwUkFbm7', 'ROLE_01', 372),
('ID_000373', 'Conrade', 'Grossman', 'cgrossmana9@globo.com', 'yHVQXAHzzr', 'ROLE_01', 373),
('ID_000374', 'Alec', 'Girton', 'agirtonaa@eventbrite.com', 'peA9dzy', 'ROLE_01', 374),
('ID_000375', 'Clary', 'Figliovanni', 'cfigliovanniab@google.es', 'OrWqED', 'ROLE_01', 375),
('ID_000376', 'Ardelia', 'Le Hucquet', 'alehucquetac@ocn.ne.jp', '43uiu0VM', 'ROLE_01', 376),
('ID_000377', 'Erin', 'Ceeley', 'eceeleyad@washington.edu', 'XIjhM05V', 'ROLE_01', 377),
('ID_000378', 'Jade', 'Monteath', 'jmonteathae@simplemachines.org', 'QsG3ezV', 'ROLE_01', 378),
('ID_000379', 'Cristin', 'Tourle', 'ctourleaf@bing.com', '8kgQLwhx9D9', 'ROLE_01', 379),
('ID_000380', 'Cahra', 'Goves', 'cgovesag@about.com', 'bkssq8JCLFa', 'ROLE_01', 380),
('ID_000381', 'Rodrigo', 'Djordjevic', 'rdjordjevicah@vkontakte.ru', '1YSDF6jh', 'ROLE_01', 381),
('ID_000382', 'Erda', 'Milnes', 'emilnesai@nifty.com', '7GhQoSJlgpH', 'ROLE_01', 382),
('ID_000383', 'Elise', 'Begin', 'ebeginaj@harvard.edu', '3PpNKrbe', 'ROLE_01', 383),
('ID_000384', 'Ibbie', 'Taggert', 'itaggertak@examiner.com', '9uDiIdhZj4', 'ROLE_01', 384),
('ID_000385', 'Johnnie', 'Copcote', 'jcopcoteal@cmu.edu', 'f5hSUOrAL', 'ROLE_01', 385),
('ID_000386', 'Ryann', 'Pycock', 'rpycockam@multiply.com', '0o4gKWsr', 'ROLE_01', 386),
('ID_000387', 'Reyna', 'Georgievski', 'rgeorgievskian@ebay.co.uk', 'D6G3HQ', 'ROLE_01', 387),
('ID_000388', 'Mala', 'Meiklam', 'mmeiklamao@reddit.com', 'PhfBGcDRQXY5', 'ROLE_01', 388),
('ID_000389', 'Garrot', 'Sherbrook', 'gsherbrookap@exblog.jp', 'q7TBNOMu', 'ROLE_01', 389),
('ID_000390', 'Gizela', 'Norwood', 'gnorwoodaq@globo.com', 'NzZoz0Xq', 'ROLE_01', 390),
('ID_000391', 'Jermaine', 'Preene', 'jpreenear@wikimedia.org', 'fV2pWa', 'ROLE_01', 391),
('ID_000392', 'Vincent', 'Polland', 'vpollandas@bravesites.com', '1gk7K2', 'ROLE_01', 392),
('ID_000393', 'Hagen', 'McKerlie', 'hmckerlieat@examiner.com', 'cVCcfg34qV', 'ROLE_01', 393),
('ID_000394', 'Broddy', 'Kittle', 'bkittleau@blogs.com', 'zLfekQ0KH', 'ROLE_01', 394),
('ID_000395', 'Yoko', 'Folling', 'yfollingav@privacy.gov.au', 'i9pEeY4xAo', 'ROLE_01', 395),
('ID_000396', 'Jaymie', 'Dwyr', 'jdwyraw@china.com.cn', 'BDFhe2CfJe', 'ROLE_01', 396),
('ID_000397', 'Reube', 'Bellsham', 'rbellshamax@creativecommons.org', 'RIgM4Rqw', 'ROLE_01', 397),
('ID_000398', 'Farr', 'Autry', 'fautryay@meetup.com', 'NGW3Dl', 'ROLE_01', 398),
('ID_000399', 'Raphael', 'Ballintyne', 'rballintyneaz@sfgate.com', 'zQAH2f6', 'ROLE_01', 399),
('ID_000400', 'Husain', 'Pealing', 'hpealingb0@tiny.cc', '2hfZzBiUo', 'ROLE_01', 400),
('ID_000401', 'Kellina', 'Kennicott', 'kkennicottb1@addtoany.com', '2fWN7W', 'ROLE_01', 401),
('ID_000402', 'Agustin', 'Walles', 'awallesb2@wordpress.org', 'mouHp8rXf', 'ROLE_01', 402),
('ID_000403', 'Erl', 'Joannet', 'ejoannetb3@odnoklassniki.ru', 'k9vLDPc', 'ROLE_01', 403),
('ID_000404', 'Harvey', 'Jarmyn', 'hjarmynb4@zimbio.com', '6mqVvkHXWA', 'ROLE_01', 404),
('ID_000405', 'Ediva', 'Sharrier', 'esharrierb5@issuu.com', 'kuoTqtfY', 'ROLE_01', 405),
('ID_000406', 'Man', 'Whibley', 'mwhibleyb6@bloglovin.com', 'hDYjIViURGm7', 'ROLE_01', 406),
('ID_000407', 'Mervin', 'Naris', 'mnarisb7@ucla.edu', '2EusTZjFXV', 'ROLE_01', 407),
('ID_000408', 'Christy', 'Thirlwall', 'cthirlwallb8@joomla.org', '5LSVFD', 'ROLE_01', 408),
('ID_000409', 'Christiano', 'Carncross', 'ccarncrossb9@ask.com', 'veFnEVcT5', 'ROLE_01', 409),
('ID_000410', 'Ado', 'Stuffins', 'astuffinsba@printfriendly.com', 'qayxAzoAVUb', 'ROLE_01', 410),
('ID_000411', 'Denna', 'Scroggins', 'dscrogginsbb@europa.eu', '6Xayii7wEVpe', 'ROLE_01', 411),
('ID_000412', 'Ramon', 'Cornewall', 'rcornewallbc@sphinn.com', 'srVU7XsU', 'ROLE_01', 412),
('ID_000413', 'Brnaby', 'MacPaik', 'bmacpaikbd@businesswire.com', 'srRNVSb', 'ROLE_01', 413),
('ID_000414', 'Zacharias', 'Giamelli', 'zgiamellibe@economist.com', '6nHF8Q', 'ROLE_01', 414),
('ID_000415', 'Delilah', 'Gallen', 'dgallenbf@cmu.edu', 'WGXprJllgHF', 'ROLE_01', 415),
('ID_000416', 'Merle', 'Aleksahkin', 'maleksahkinbg@chronoengine.com', '35SNX62ebnw0', 'ROLE_01', 416),
('ID_000417', 'Ninetta', 'Gaudon', 'ngaudonbh@whitehouse.gov', 'TYYrBQH7F8pT', 'ROLE_01', 417),
('ID_000418', 'Vikky', 'Hocking', 'vhockingbi@mac.com', 'xtCnOmwx1ER', 'ROLE_01', 418),
('ID_000419', 'Wakefield', 'Iohananof', 'wiohananofbj@digg.com', 'IyWZhMqA', 'ROLE_01', 419),
('ID_000420', 'Oriana', 'Speare', 'ospearebk@51.la', '4K7XMbUy', 'ROLE_01', 420),
('ID_000421', 'Mario', 'Gilhooly', 'mgilhoolybl@usnews.com', 'hu9bbX76HKuM', 'ROLE_01', 421),
('ID_000422', 'Wallace', 'Canby', 'wcanbybm@storify.com', 'ut5No5', 'ROLE_01', 422),
('ID_000423', 'Westleigh', 'Peltz', 'wpeltzbn@fema.gov', 'jO8QkkfsWb0d', 'ROLE_01', 423),
('ID_000424', 'Svend', 'Furmenger', 'sfurmengerbo@prnewswire.com', 'CyGmA6X3m', 'ROLE_01', 424),
('ID_000425', 'Carena', 'Adolthine', 'cadolthinebp@pagesperso-orange.fr', 'LPlwi9TyTwhr', 'ROLE_01', 425),
('ID_000426', 'Grata', 'Chatters', 'gchattersbq@mysql.com', 'FeOpBCFnbL', 'ROLE_01', 426),
('ID_000427', 'Fidole', 'Forcer', 'fforcerbr@e-recht24.de', 'UzrWVX5t3l', 'ROLE_01', 427),
('ID_000428', 'Patrice', 'Wenderoth', 'pwenderothbs@japanpost.jp', '9LZIIu85N', 'ROLE_01', 428),
('ID_000429', 'Annemarie', 'Esche', 'aeschebt@nyu.edu', 'gpGiyVWGpbRg', 'ROLE_01', 429),
('ID_000430', 'Erick', 'Jeffries', 'ejeffriesbu@list-manage.com', '83alOHZFFj', 'ROLE_01', 430),
('ID_000431', 'Tamiko', 'Leishman', 'tleishmanbv@zimbio.com', '1M9kt5QKxurW', 'ROLE_01', 431),
('ID_000432', 'Malissa', 'Madgett', 'mmadgettbw@tmall.com', 'AqWliVOQpP9z', 'ROLE_01', 432),
('ID_000433', 'Garnette', 'Skoughman', 'gskoughmanbx@blogger.com', 'yUFePVub9i7', 'ROLE_01', 433),
('ID_000434', 'Alyce', 'Kinman', 'akinmanby@slideshare.net', 'o9ebhg7', 'ROLE_01', 434),
('ID_000435', 'Kaine', 'Joplin', 'kjoplinbz@feedburner.com', 't9b3paxR3c', 'ROLE_01', 435),
('ID_000436', 'Tiertza', 'Deverall', 'tdeverallc0@phoca.cz', 'fBJmlXheu', 'ROLE_01', 436),
('ID_000437', 'Calhoun', 'Breagan', 'cbreaganc1@nbcnews.com', 'x2dwi6NPr', 'ROLE_01', 437),
('ID_000438', 'Ursa', 'Parmley', 'uparmleyc2@chicagotribune.com', 'uHfrN1O2', 'ROLE_01', 438),
('ID_000439', 'Aubree', 'Peres', 'aperesc3@squarespace.com', 'kMVt0SfToS', 'ROLE_01', 439),
('ID_000440', 'Adler', 'Sperrett', 'asperrettc4@weebly.com', 'oAG3WAT', 'ROLE_01', 440),
('ID_000441', 'Avis', 'Bodocs', 'abodocsc5@quantcast.com', 'TSzc1POp', 'ROLE_01', 441),
('ID_000442', 'Josh', 'Bony', 'jbonyc6@barnesandnoble.com', 'cH3HIU47QdRb', 'ROLE_01', 442),
('ID_000443', 'Basilius', 'Boich', 'bboichc7@arizona.edu', 'sna7LFp6Gr8', 'ROLE_01', 443),
('ID_000444', 'Daria', 'Vlasin', 'dvlasinc8@weibo.com', 'Vo4jajtf1I', 'ROLE_01', 444),
('ID_000445', 'Jock', 'Rozsa', 'jrozsac9@i2i.jp', 'MGRNly', 'ROLE_01', 445),
('ID_000446', 'Babette', 'Edgerton', 'bedgertonca@odnoklassniki.ru', '21Fd2Xp9QIj', 'ROLE_01', 446),
('ID_000447', 'Drucy', 'Thacke', 'dthackecb@statcounter.com', 'JgIj5dsLbpE', 'ROLE_01', 447),
('ID_000448', 'Way', 'Baal', 'wbaalcc@prweb.com', 'NKSbgxrLz', 'ROLE_01', 448),
('ID_000449', 'Avram', 'Seys', 'aseyscd@nps.gov', 'uflBgflKf', 'ROLE_01', 449),
('ID_000450', 'Dennison', 'Linney', 'dlinneyce@qq.com', 'JtZ1SYpWsPJq', 'ROLE_01', 450),
('ID_000451', 'Malynda', 'Fairchild', 'mfairchildcf@cnn.com', 'B7QPTEfw', 'ROLE_01', 451),
('ID_000452', 'Waiter', 'Kittle', 'wkittlecg@rakuten.co.jp', '4EDYOG', 'ROLE_01', 452),
('ID_000453', 'Billy', 'Sheffield', 'bsheffieldch@xrea.com', 'aBHx6d6', 'ROLE_01', 453),
('ID_000454', 'Aubrey', 'Langsdon', 'alangsdonci@imdb.com', 'Jjqbl2VRcgfb', 'ROLE_01', 454),
('ID_000455', 'Dania', 'Cooksey', 'dcookseycj@odnoklassniki.ru', 'NIYiYPmQPI1', 'ROLE_01', 455),
('ID_000456', 'Myranda', 'Gillard', 'mgillardck@acquirethisname.com', 'zgstuZbODK', 'ROLE_01', 456),
('ID_000457', 'Traver', 'Moyer', 'tmoyercl@smh.com.au', 'j6UqJJ983V', 'ROLE_01', 457),
('ID_000458', 'Warner', 'Tarplee', 'wtarpleecm@ox.ac.uk', '7i5cW1Eys2o', 'ROLE_01', 458),
('ID_000459', 'Murdoch', 'Jeannaud', 'mjeannaudcn@time.com', 'V8Zb5vtaJaMz', 'ROLE_01', 459),
('ID_000460', 'Kerwinn', 'Ivashnikov', 'kivashnikovco@hatena.ne.jp', 'pgvRjacDXh', 'ROLE_01', 460),
('ID_000461', 'Liesa', 'Moloney', 'lmoloneycp@ning.com', 'BOD6PK3Cc68x', 'ROLE_01', 461),
('ID_000462', 'Valaria', 'Kilborn', 'vkilborncq@drupal.org', 'cyvwlyxIk', 'ROLE_01', 462),
('ID_000463', 'Renie', 'Dyte', 'rdytecr@drupal.org', 'Xdwq4AlponY', 'ROLE_01', 463),
('ID_000464', 'Roselin', 'Gannon', 'rgannoncs@europa.eu', 'uXJDt2', 'ROLE_01', 464),
('ID_000465', 'Hendrick', 'Klosser', 'hklosserct@mozilla.com', 'ZRfWCIYgHI', 'ROLE_01', 465),
('ID_000466', 'Odilia', 'Salery', 'osalerycu@bbb.org', '2uWMB1InES', 'ROLE_01', 466),
('ID_000467', 'Jordan', 'Poskitt', 'jposkittcv@cbsnews.com', 'okiLGpaF', 'ROLE_01', 467),
('ID_000468', 'Gery', 'Opfer', 'gopfercw@icq.com', 'Ecv4ma', 'ROLE_01', 468),
('ID_000469', 'Kristin', 'Messom', 'kmessomcx@tiny.cc', 'NIMR9opBodY', 'ROLE_01', 469),
('ID_000470', 'Meridel', 'Aldine', 'maldinecy@eepurl.com', '5Fl4CA0OTs', 'ROLE_01', 470),
('ID_000471', 'Rupert', 'Westmorland', 'rwestmorlandcz@nyu.edu', 'eTxzPw93Up', 'ROLE_01', 471),
('ID_000472', 'Gregg', 'Pentelow', 'gpentelowd0@state.gov', 'tKbKvs', 'ROLE_01', 472),
('ID_000473', 'Gunilla', 'Studart', 'gstudartd1@cpanel.net', 'RFz6392TFL', 'ROLE_01', 473),
('ID_000474', 'Willamina', 'Barrie', 'wbarried2@forbes.com', 'GjYHuj1N', 'ROLE_01', 474),
('ID_000475', 'Orv', 'Linacre', 'olinacred3@psu.edu', 'pR0giSqX3', 'ROLE_01', 475),
('ID_000476', 'Jeane', 'Feyer', 'jfeyerd4@bing.com', 'v8KWIz', 'ROLE_01', 476),
('ID_000477', 'Theodosia', 'Girth', 'tgirthd5@infoseek.co.jp', 'oMiGmgRl3K', 'ROLE_01', 477),
('ID_000478', 'Olwen', 'Cafferky', 'ocafferkyd6@cnn.com', 'iyMxusp4', 'ROLE_01', 478),
('ID_000479', 'Inge', 'Youings', 'iyouingsd7@soundcloud.com', 'TuGI1ksh', 'ROLE_01', 479),
('ID_000480', 'Timoteo', 'MacNeish', 'tmacneishd8@printfriendly.com', 'SDilXtkOBNiS', 'ROLE_01', 480),
('ID_000481', 'Hilliard', 'Thackray', 'hthackrayd9@typepad.com', 'dah1q7aL', 'ROLE_01', 481),
('ID_000482', 'Clayborne', 'Bagguley', 'cbagguleyda@flickr.com', 'aIXqsi', 'ROLE_01', 482),
('ID_000483', 'Marylynne', 'Fone', 'mfonedb@123-reg.co.uk', 'rjzutT', 'ROLE_01', 483),
('ID_000484', 'Dwayne', 'Stonelake', 'dstonelakedc@bluehost.com', 'K2qPM3x9O3f', 'ROLE_01', 484),
('ID_000485', 'Xena', 'Daltrey', 'xdaltreydd@amazon.co.uk', 'hrfhty1L', 'ROLE_01', 485),
('ID_000486', 'Evelyn', 'Lecky', 'eleckyde@dropbox.com', 'nA4pYNp0', 'ROLE_01', 486),
('ID_000487', 'Nolana', 'Sickert', 'nsickertdf@biblegateway.com', 'qmHrMOY', 'ROLE_01', 487),
('ID_000488', 'Sybila', 'Scneider', 'sscneiderdg@github.com', 'ky14X18Wpb', 'ROLE_01', 488),
('ID_000489', 'Hansiain', 'Godding', 'hgoddingdh@bing.com', 'e8ypGFZFD', 'ROLE_01', 489),
('ID_000490', 'Lorrayne', 'Fabler', 'lfablerdi@topsy.com', 'Bk1icLDG', 'ROLE_01', 490),
('ID_000491', 'Hollie', 'Kalf', 'hkalfdj@meetup.com', 'e6s6mOgasrC', 'ROLE_01', 491),
('ID_000492', 'Fanni', 'Delacroux', 'fdelacrouxdk@gov.uk', 'WjRUMRgk', 'ROLE_01', 492),
('ID_000493', 'Earl', 'Morgen', 'emorgendl@statcounter.com', 'urSkLO7UyV', 'ROLE_01', 493),
('ID_000494', 'Karlen', 'Eskrigge', 'keskriggedm@google.pl', 'wbg2RQ8esOGs', 'ROLE_01', 494),
('ID_000495', 'Lotta', 'Caff', 'lcaffdn@princeton.edu', 'VlVAnsrd', 'ROLE_01', 495),
('ID_000496', 'Ilyse', 'Eilles', 'ieillesdo@nationalgeographic.com', 'FeOGknrjNM', 'ROLE_01', 496),
('ID_000497', 'Martin', 'Mugleston', 'mmuglestondp@businessinsider.com', 'YAqgQgkT8t', 'ROLE_01', 497),
('ID_000498', 'Kayne', 'Korlat', 'kkorlatdq@photobucket.com', '8SOH7fazcxF', 'ROLE_01', 498),
('ID_000499', 'Gard', 'Kearsley', 'gkearsleydr@cocolog-nifty.com', 'a8IGnnMjlRi', 'ROLE_01', 499),
('ID_000500', 'Freddie', 'Ramard', 'framardds@joomla.org', 'aOjEdTIW', 'ROLE_01', 500),
('ID_000501', 'Jaymee', 'Earpe', 'jearpedt@shop-pro.jp', 'sz3eKf2Wi3U', 'ROLE_01', 501),
('ID_000502', 'Jordain', 'Bothen', 'jbothendu@github.com', '887mr3zqeQqA', 'ROLE_01', 502),
('ID_000503', 'Sydel', 'Swayne', 'sswaynedv@friendfeed.com', 'xkSFpb', 'ROLE_01', 503),
('ID_000504', 'Gale', 'Megahey', 'gmegaheydw@bloomberg.com', '5yf7lnl', 'ROLE_01', 504),
('ID_000505', 'Amabelle', 'Lightoller', 'alightollerdx@meetup.com', 'j3tCxEl', 'ROLE_01', 505),
('ID_000506', 'Mable', 'Hoyte', 'mhoytedy@webmd.com', '0xDgit', 'ROLE_01', 506),
('ID_000507', 'Chlo', 'McBrearty', 'cmcbreartydz@nba.com', 'ccbQJr', 'ROLE_01', 507),
('ID_000508', 'Georgianne', 'Stanier', 'gstaniere0@w3.org', 'LEFnby', 'ROLE_01', 508),
('ID_000509', 'Waite', 'Lodevick', 'wlodevicke1@home.pl', 'SqLpcYigTLt', 'ROLE_01', 509),
('ID_000510', 'Phillis', 'Gillice', 'pgillicee2@ning.com', '8ODDlflmzk6', 'ROLE_01', 510),
('ID_000511', 'Mikaela', 'Rosenbusch', 'mrosenbusche3@cmu.edu', '5YooJssy8oVe', 'ROLE_01', 511),
('ID_000512', 'Shauna', 'Knipe', 'sknipee4@imdb.com', 'Y8TTG0CI', 'ROLE_01', 512),
('ID_000513', 'Guillaume', 'Iowarch', 'giowarche5@purevolume.com', '0PNGiYAg', 'ROLE_01', 513),
('ID_000514', 'Liana', 'Gioani', 'lgioanie6@addthis.com', 'uko69ypCPq', 'ROLE_01', 514),
('ID_000515', 'Ellsworth', 'Zukerman', 'ezukermane7@walmart.com', '3UxsA95', 'ROLE_01', 515),
('ID_000516', 'Annette', 'Shurville', 'ashurvillee8@si.edu', 'DeRXNl', 'ROLE_01', 516),
('ID_000517', 'Gilda', 'Bracknall', 'gbracknalle9@uol.com.br', 'q32Cw8Sn', 'ROLE_01', 517),
('ID_000518', 'Brice', 'Pesterfield', 'bpesterfieldea@wikia.com', 'bPbvwg9C', 'ROLE_01', 518),
('ID_000519', 'Kevan', 'Billyeald', 'kbillyealdeb@istockphoto.com', 'nwRP9PIvfgs7', 'ROLE_01', 519),
('ID_000520', 'Durante', 'Spillard', 'dspillardec@answers.com', 'qvIQs1avy', 'ROLE_01', 520),
('ID_000521', 'Ruddie', 'Donnison', 'rdonnisoned@netvibes.com', 'u19Dcnj9', 'ROLE_01', 521),
('ID_000522', 'Lyn', 'Lean', 'lleanee@prweb.com', 'wfzohEngE', 'ROLE_01', 522),
('ID_000523', 'Kris', 'Corneck', 'kcorneckef@lycos.com', 's1bHWFSSycvz', 'ROLE_01', 523),
('ID_000524', 'Leroy', 'Oakwell', 'loakwelleg@time.com', 'Dsl3QyhOjG', 'ROLE_01', 524),
('ID_000525', 'Gustave', 'Geeraert', 'ggeeraerteh@sbwire.com', 'XSNYTzl', 'ROLE_01', 525),
('ID_000526', 'Alford', 'Brough', 'abroughei@squarespace.com', '5mfkNPabqB', 'ROLE_01', 526),
('ID_000527', 'Rana', 'Brace', 'rbraceej@wikimedia.org', 'TlMHRZhbyX', 'ROLE_01', 527),
('ID_000528', 'Marlo', 'Mountstephen', 'mmountstephenek@china.com.cn', '2JNSx4wK0K', 'ROLE_01', 528),
('ID_000529', 'Elaine', 'Jinkinson', 'ejinkinsonel@godaddy.com', '2Tbs8zZUD2p', 'ROLE_01', 529),
('ID_000530', 'Bea', 'Danelet', 'bdaneletem@themeforest.net', 'ukqYFII', 'ROLE_01', 530),
('ID_000531', 'Gladys', 'Reeds', 'greedsen@dedecms.com', 'kTZY8HA', 'ROLE_01', 531),
('ID_000532', 'Ruby', 'Hubbuck', 'rhubbuckeo@vkontakte.ru', 'CGRk6LXglcT', 'ROLE_01', 532),
('ID_000533', 'Malvina', 'Roby', 'mrobyep@google.cn', 'hRZex0Vpd', 'ROLE_01', 533),
('ID_000534', 'Edeline', 'Hindenberger', 'ehindenbergereq@hud.gov', '5urzpQI2Nx', 'ROLE_01', 534),
('ID_000535', 'Esmaria', 'Dudney', 'edudneyer@mac.com', 'hebMdtTZC', 'ROLE_01', 535),
('ID_000536', 'Paolo', 'Cofax', 'pcofaxes@cnn.com', 'iHVXrwJ', 'ROLE_01', 536),
('ID_000537', 'Chauncey', 'Stent', 'cstentet@gizmodo.com', 'w56sgwFNx6F', 'ROLE_01', 537),
('ID_000538', 'Jacinta', 'Martinetto', 'jmartinettoeu@amazon.co.uk', 'WtQqJwsrADZ', 'ROLE_01', 538),
('ID_000539', 'Linn', 'Baroch', 'lbarochev@wikispaces.com', 'mkLdRW4Ua', 'ROLE_01', 539),
('ID_000540', 'Eadith', 'Kingscote', 'ekingscoteew@clickbank.net', 'HTRw7q', 'ROLE_01', 540),
('ID_000541', 'Steffie', 'Durrans', 'sdurransex@vk.com', 'rKGtAZs9kK2', 'ROLE_01', 541),
('ID_000542', 'Brenda', 'Vowdon', 'bvowdoney@google.com.hk', 'm0OUIfLP', 'ROLE_01', 542),
('ID_000543', 'Patricio', 'Briers', 'pbriersez@samsung.com', 'ClZBF3qI', 'ROLE_01', 543),
('ID_000544', 'Marika', 'Wheeldon', 'mwheeldonf0@cnbc.com', 'nicbDQ', 'ROLE_01', 544),
('ID_000545', 'Delia', 'McCree', 'dmccreef1@cloudflare.com', 'LWgGReo2', 'ROLE_01', 545),
('ID_000546', 'Olga', 'Tigner', 'otignerf2@eepurl.com', 'xX23inWBDu', 'ROLE_01', 546),
('ID_000547', 'Anne', 'Nafzger', 'anafzgerf3@acquirethisname.com', 'bnbLnL', 'ROLE_01', 547),
('ID_000548', 'Kristan', 'Riedel', 'kriedelf4@businessweek.com', 'iNEdKZMe', 'ROLE_01', 548),
('ID_000549', 'Amalie', 'Stanning', 'astanningf5@paginegialle.it', 'TpHzaP4DJ', 'ROLE_01', 549),
('ID_000550', 'Maribel', 'Load', 'mloadf6@angelfire.com', '1rbdxB', 'ROLE_01', 550),
('ID_000551', 'Enriqueta', 'Badland', 'ebadlandf7@google.it', 'VhSNntNRh5T', 'ROLE_01', 551),
('ID_000552', 'Veronika', 'Kennealy', 'vkennealyf8@behance.net', '83x7S4mL9', 'ROLE_01', 552),
('ID_000553', 'Cookie', 'Penchen', 'cpenchenf9@spiegel.de', 'q1thQiIzzx', 'ROLE_01', 553),
('ID_000554', 'Bettye', 'Dax', 'bdaxfa@php.net', 'iFixYPwA4ZK', 'ROLE_01', 554),
('ID_000555', 'Marie-jeanne', 'Erswell', 'merswellfb@php.net', 'mAAno3o', 'ROLE_01', 555),
('ID_000556', 'Annmarie', 'Marrows', 'amarrowsfc@ebay.com', 'AojPTCKY', 'ROLE_01', 556),
('ID_000557', 'Kristal', 'Jumont', 'kjumontfd@cnet.com', 'Wx6rBSKFu9', 'ROLE_01', 557),
('ID_000558', 'Garold', 'Loding', 'glodingfe@youtu.be', '0dlvpASGLI', 'ROLE_01', 558),
('ID_000559', 'Ginny', 'Woodfine', 'gwoodfineff@miitbeian.gov.cn', 'MRPm5PN', 'ROLE_01', 559),
('ID_000560', 'Lester', 'Pye', 'lpyefg@bravesites.com', 'hcyIuxdBYq', 'ROLE_01', 560),
('ID_000561', 'Catarina', 'Wyd', 'cwydfh@virginia.edu', 'nrv4jO', 'ROLE_01', 561),
('ID_000562', 'Anni', 'Vigne', 'avignefi@example.com', 'gAdx7PAwFDH', 'ROLE_01', 562),
('ID_000563', 'Cristin', 'Snellman', 'csnellmanfj@amazon.co.uk', 'j9F9aXKn', 'ROLE_01', 563),
('ID_000564', 'Kakalina', 'Tatlock', 'ktatlockfk@ask.com', 'nzK8TCFIzlrb', 'ROLE_01', 564),
('ID_000565', 'Mira', 'McCarter', 'mmccarterfl@google.com', 'qrWejE', 'ROLE_01', 565),
('ID_000566', 'Lucita', 'Camis', 'lcamisfm@nationalgeographic.com', 'Je9ctTtJs', 'ROLE_01', 566);
INSERT INTO `user` (`ID_USER`, `FNAME`, `LNAME`, `EMAIL`, `PASS`, `ID_ROLE`, `ID`) VALUES
('ID_000567', 'Salvatore', 'Jess', 'sjessfn@mozilla.org', 'OABCClVsNP', 'ROLE_01', 567),
('ID_000568', 'Keven', 'Wilbud', 'kwilbudfo@mapy.cz', 'g84glrht', 'ROLE_01', 568),
('ID_000569', 'Maudie', 'Isaksen', 'misaksenfp@seattletimes.com', 'xFTNy9e', 'ROLE_01', 569),
('ID_000570', 'Maurita', 'Kellert', 'mkellertfq@japanpost.jp', 'VdOppZPPK', 'ROLE_01', 570),
('ID_000571', 'Marna', 'MacGilmartin', 'mmacgilmartinfr@shutterfly.com', 'SHqQXl', 'ROLE_01', 571),
('ID_000572', 'Webb', 'Colam', 'wcolamfs@list-manage.com', '3j7VCys', 'ROLE_01', 572),
('ID_000573', 'Paula', 'Wakeham', 'pwakehamft@amazon.de', 'hflAiOeEv2h', 'ROLE_01', 573),
('ID_000574', 'Lorie', 'Mc Faul', 'lmcfaulfu@cmu.edu', 'zPJQeWoP38', 'ROLE_01', 574),
('ID_000575', 'Nata', 'Casazza', 'ncasazzafv@gmpg.org', 'VNi9SvexG', 'ROLE_01', 575),
('ID_000576', 'Dorene', 'Roney', 'droneyfw@scribd.com', 'YUBQ1Od', 'ROLE_01', 576),
('ID_000577', 'Lothario', 'Attwill', 'lattwillfx@myspace.com', 'ytfhWgJ', 'ROLE_01', 577),
('ID_000578', 'Trip', 'Van Merwe', 'tvanmerwefy@studiopress.com', 'PFiAEz0AAMy', 'ROLE_01', 578),
('ID_000579', 'Bibi', 'Chetwind', 'bchetwindfz@deviantart.com', 'ASslZRjGyi', 'ROLE_01', 579),
('ID_000580', 'Nelly', 'Mertgen', 'nmertgeng0@oakley.com', 'wpdPdJ2', 'ROLE_01', 580),
('ID_000581', 'Dareen', 'Burridge', 'dburridgeg1@parallels.com', 'f68GuuVR3pug', 'ROLE_01', 581),
('ID_000582', 'Damara', 'Broose', 'dbrooseg2@usda.gov', '6QgyrNILwFz', 'ROLE_01', 582),
('ID_000583', 'Kipp', 'Pauley', 'kpauleyg3@discuz.net', '1BslFb', 'ROLE_01', 583),
('ID_000584', 'Rolland', 'Bermingham', 'rberminghamg4@weebly.com', 'p45mf1VSf60', 'ROLE_01', 584),
('ID_000585', 'Cindra', 'McHan', 'cmchang5@ycombinator.com', '2cvdg6pq1CnS', 'ROLE_01', 585),
('ID_000586', 'Jerrine', 'Alltimes', 'jalltimesg6@opensource.org', 'BiJHvDFC', 'ROLE_01', 586),
('ID_000587', 'Marjory', 'Juden', 'mjudeng7@sun.com', 'Fs9Qn8Zl', 'ROLE_01', 587),
('ID_000588', 'Ulick', 'Verbeek', 'uverbeekg8@phoca.cz', 'hl14MD', 'ROLE_01', 588),
('ID_000589', 'Briant', 'Jarvie', 'bjarvieg9@census.gov', 'RP2wAz2EJQK', 'ROLE_01', 589),
('ID_000590', 'Dehlia', 'Ferraretto', 'dferrarettoga@miitbeian.gov.cn', 'vuqvVzx6cka0', 'ROLE_01', 590),
('ID_000591', 'Berton', 'Powlesland', 'bpowleslandgb@huffingtonpost.com', 'ErHO9pBtsJ0', 'ROLE_01', 591),
('ID_000592', 'Brannon', 'Swafford', 'bswaffordgc@discuz.net', 'lmVlJwQr4aM', 'ROLE_01', 592),
('ID_000593', 'Bab', 'Howler', 'bhowlergd@java.com', 'rSXr4um', 'ROLE_01', 593),
('ID_000594', 'Jilleen', 'Abden', 'jabdenge@whitehouse.gov', '1FadVwh', 'ROLE_01', 594),
('ID_000595', 'Kermy', 'Strewther', 'kstrewthergf@alexa.com', '4Cyc2YV0', 'ROLE_01', 595),
('ID_000596', 'Leonhard', 'Taplow', 'ltaplowgg@senate.gov', 'c5atSf', 'ROLE_01', 596),
('ID_000597', 'Janine', 'Claeskens', 'jclaeskensgh@bluehost.com', 'EpmGWiv', 'ROLE_01', 597),
('ID_000598', 'Lanae', 'Hexter', 'lhextergi@japanpost.jp', 'uU1JwJdYKD', 'ROLE_01', 598),
('ID_000599', 'Cecilius', 'Wattam', 'cwattamgj@shop-pro.jp', 'BDb7tM', 'ROLE_01', 599),
('ID_000600', 'Dur', 'Lankester', 'dlankestergk@cdbaby.com', 'rN8fSW7gVq', 'ROLE_01', 600),
('ID_000601', 'Krishnah', 'Gudgeon', 'kgudgeongl@artisteer.com', 'PWIgbLDPEb', 'ROLE_01', 601),
('ID_000602', 'Bruce', 'Biskupski', 'bbiskupskigm@stumbleupon.com', 'yJvgY2D', 'ROLE_01', 602),
('ID_000603', 'Laurena', 'Moffatt', 'lmoffattgn@microsoft.com', 'fFddKXK35', 'ROLE_01', 603),
('ID_000604', 'Mayer', 'Timperley', 'mtimperleygo@dedecms.com', 'FXXSFjtNsC', 'ROLE_01', 604),
('ID_000605', 'Tommy', 'Shorto', 'tshortogp@xing.com', 'bOTUj3XB', 'ROLE_01', 605),
('ID_000606', 'Bondy', 'Gres', 'bgresgq@gizmodo.com', 'j73Kh9', 'ROLE_01', 606),
('ID_000607', 'Joby', 'Stokey', 'jstokeygr@xrea.com', 'LLOPhjWLoAI', 'ROLE_01', 607),
('ID_000608', 'Fernanda', 'Woolger', 'fwoolgergs@homestead.com', 'Hov1YQlV', 'ROLE_01', 608),
('ID_000609', 'James', 'Ambrogetti', 'jambrogettigt@reddit.com', 'Q2X4wPD5', 'ROLE_01', 609),
('ID_000610', 'Randy', 'Willimott', 'rwillimottgu@twitter.com', 'N6ZJP20AcI', 'ROLE_01', 610),
('ID_000611', 'Nickey', 'Le Grice', 'nlegricegv@tinypic.com', 'LZzN9guZGpp', 'ROLE_01', 611),
('ID_000612', 'Arie', 'Lothlorien', 'alothloriengw@edublogs.org', 'ZrYQXXogX6', 'ROLE_01', 612),
('ID_000613', 'Finn', 'Mitchel', 'fmitchelgx@netlog.com', 'dIhdxnMw', 'ROLE_01', 613),
('ID_000614', 'Piotr', 'Asel', 'paselgy@geocities.com', 'mIBRUxnZZRt', 'ROLE_01', 614),
('ID_000615', 'Wren', 'Tallon', 'wtallongz@google.com.au', 'ULQl717JC98J', 'ROLE_01', 615),
('ID_000616', 'Hoyt', 'Deetch', 'hdeetchh0@toplist.cz', 'hLoQfMRS01sk', 'ROLE_01', 616),
('ID_000617', 'Dwight', 'Kinnin', 'dkinninh1@skyrock.com', 'ernOEUf', 'ROLE_01', 617),
('ID_000618', 'Cariotta', 'Lubeck', 'clubeckh2@sphinn.com', '9Q8ysb0YNH', 'ROLE_01', 618),
('ID_000619', 'Euphemia', 'Kohneke', 'ekohnekeh3@odnoklassniki.ru', '8c80WZfTZpC', 'ROLE_01', 619),
('ID_000620', 'Lilias', 'Woloschinski', 'lwoloschinskih4@prnewswire.com', '6Uv9tv5gHC', 'ROLE_01', 620),
('ID_000621', 'Sigvard', 'Emsley', 'semsleyh5@dmoz.org', 'DI98UIlOk', 'ROLE_01', 621),
('ID_000622', 'Filide', 'Kenafaque', 'fkenafaqueh6@ask.com', '9rmADiBLwYd', 'ROLE_01', 622),
('ID_000623', 'Terrill', 'Easson', 'teassonh7@marriott.com', 'xR8QhlFy', 'ROLE_01', 623),
('ID_000624', 'Aurore', 'Bridell', 'abridellh8@biglobe.ne.jp', 'jsg4A7FyiI', 'ROLE_01', 624),
('ID_000625', 'Pascale', 'Lifsey', 'plifseyh9@is.gd', 'dNxWItR', 'ROLE_01', 625),
('ID_000626', 'Arturo', 'Featherstonhaugh', 'afeatherstonhaughha@hugedomains.com', 'aRbdf7VGlJ', 'ROLE_01', 626),
('ID_000627', 'Brigham', 'Pyner', 'bpynerhb@dagondesign.com', 'uZaLs5HTlD', 'ROLE_01', 627),
('ID_000628', 'Antonin', 'Goshawk', 'agoshawkhc@foxnews.com', 'aZAn5KbyD', 'ROLE_01', 628),
('ID_000629', 'Steffie', 'Yashunin', 'syashuninhd@flavors.me', 'cnNYnRwsPn', 'ROLE_01', 629),
('ID_000630', 'Emelda', 'Mannering', 'emanneringhe@exblog.jp', 'oqZ3snQFBM', 'ROLE_01', 630),
('ID_000631', 'Gwyneth', 'Berrill', 'gberrillhf@deviantart.com', 'z6J4jIOIE', 'ROLE_01', 631),
('ID_000632', 'Orin', 'Taggett', 'otaggetthg@google.co.jp', '7DVag76Bk', 'ROLE_01', 632),
('ID_000633', 'Odille', 'Lamberton', 'olambertonhh@4shared.com', 'sWXM08', 'ROLE_01', 633),
('ID_000634', 'Ortensia', 'Kellog', 'okelloghi@elpais.com', 'EQpaQB', 'ROLE_01', 634),
('ID_000635', 'Fax', 'Sprackling', 'fspracklinghj@who.int', 'k1D7K6bCTE', 'ROLE_01', 635),
('ID_000636', 'Zeb', 'Kynnd', 'zkynndhk@lycos.com', 'K5wT5yG7zh', 'ROLE_01', 636),
('ID_000637', 'Salvatore', 'Dongles', 'sdongleshl@msu.edu', '9rwn6FGJ3', 'ROLE_01', 637),
('ID_000638', 'Kerwin', 'Fabbro', 'kfabbrohm@wp.com', 'K54meaKSx', 'ROLE_01', 638),
('ID_000639', 'Bethina', 'Amdohr', 'bamdohrhn@thetimes.co.uk', 'dikii1n', 'ROLE_01', 639),
('ID_000640', 'Brett', 'Kringe', 'bkringeho@java.com', 'vKGUNs', 'ROLE_01', 640),
('ID_000641', 'Bessie', 'Grayland', 'bgraylandhp@feedburner.com', 'nxDMgC0q', 'ROLE_01', 641),
('ID_000642', 'Mia', 'Dwelley', 'mdwelleyhq@webeden.co.uk', 'wMfFutd1N', 'ROLE_01', 642),
('ID_000643', 'Gustaf', 'Ranby', 'granbyhr@mtv.com', 'LcynhzcoSF', 'ROLE_01', 643),
('ID_000644', 'Ingeberg', 'Grayson', 'igraysonhs@flavors.me', 'E936Q9VFMU', 'ROLE_01', 644),
('ID_000645', 'Michel', 'Caldicott', 'mcaldicottht@csmonitor.com', 'iDoYee', 'ROLE_01', 645),
('ID_000646', 'Ruthann', 'Anderl', 'randerlhu@eepurl.com', 'mFzmJb1CwdMK', 'ROLE_01', 646),
('ID_000647', 'Tessa', 'Hews', 'thewshv@people.com.cn', 'SVnoQNWSuDPj', 'ROLE_01', 647),
('ID_000648', 'Bary', 'Jelleman', 'bjellemanhw@webeden.co.uk', 'xeMqUPxO3JUs', 'ROLE_01', 648),
('ID_000649', 'Odella', 'Beran', 'oberanhx@google.it', 'ZiHln6', 'ROLE_01', 649),
('ID_000650', 'Talya', 'Josephy', 'tjosephyhy@globo.com', 'BKJ8p7', 'ROLE_01', 650),
('ID_000651', 'Morgen', 'Dusting', 'mdustinghz@istockphoto.com', 'uf7lppLc', 'ROLE_01', 651),
('ID_000652', 'Nicolas', 'Conquest', 'nconquesti0@mtv.com', 'JkxLhWs5q', 'ROLE_01', 652),
('ID_000653', 'Wilfrid', 'Craister', 'wcraisteri1@barnesandnoble.com', 'gN9AQZHU53f', 'ROLE_01', 653),
('ID_000654', 'Lucien', 'Bruntje', 'lbruntjei2@shinystat.com', 'Irzw32DZFN3d', 'ROLE_01', 654),
('ID_000655', 'Libbey', 'Raden', 'lradeni3@umich.edu', 'rRA4yqN', 'ROLE_01', 655),
('ID_000656', 'Peyter', 'Curror', 'pcurrori4@github.com', 'wSqboJGEZ', 'ROLE_01', 656),
('ID_000657', 'Bonnee', 'Hounson', 'bhounsoni5@com.com', 'eXsz6aGu', 'ROLE_01', 657),
('ID_000658', 'Ileana', 'Wardington', 'iwardingtoni6@macromedia.com', 'flW4fjXvu', 'ROLE_01', 658),
('ID_000659', 'Ophelia', 'Shayes', 'oshayesi7@geocities.jp', 'icZIGTaJ', 'ROLE_01', 659),
('ID_000660', 'Fanchette', 'Siddens', 'fsiddensi8@cmu.edu', 'vmOn0oORO', 'ROLE_01', 660),
('ID_000661', 'Zane', 'Belliss', 'zbellissi9@ustream.tv', '0Wu4vZdUhbf9', 'ROLE_01', 661),
('ID_000662', 'Benito', 'Aitken', 'baitkenia@bigcartel.com', 'XE3D6JVHd', 'ROLE_01', 662),
('ID_000663', 'Florry', 'Brewse', 'fbrewseib@miibeian.gov.cn', 'IX3AJrv8b', 'ROLE_01', 663),
('ID_000664', 'Dionne', 'Gronaller', 'dgronalleric@columbia.edu', 'gThHcUM81', 'ROLE_01', 664),
('ID_000665', 'Creigh', 'Taile', 'ctaileid@state.gov', '2qrvA9cL4', 'ROLE_01', 665),
('ID_000666', 'Dode', 'Balcombe', 'dbalcombeie@unc.edu', 'if5mM439glOu', 'ROLE_01', 666),
('ID_000667', 'Haleigh', 'Kent', 'hkentif@people.com.cn', '0CbQiNR', 'ROLE_01', 667),
('ID_000668', 'Garrek', 'Eastbrook', 'geastbrookig@dropbox.com', 'IowxMrbapk', 'ROLE_01', 668),
('ID_000669', 'Wanda', 'Tomik', 'wtomikih@scribd.com', 'Fb6m2MVY', 'ROLE_01', 669),
('ID_000670', 'Christan', 'Inchan', 'cinchanii@liveinternet.ru', 'vj8FEOTDY', 'ROLE_01', 670),
('ID_000671', 'Nat', 'Plaice', 'nplaiceij@samsung.com', 'bcOGybhlTRKs', 'ROLE_01', 671),
('ID_000672', 'Allissa', 'O\' Hern', 'aohernik@wikia.com', 'x6f0OvOrCJO', 'ROLE_01', 672),
('ID_000673', 'Vikky', 'Longcaster', 'vlongcasteril@yahoo.co.jp', '35A0flio2Ea', 'ROLE_01', 673),
('ID_000674', 'Lilith', 'Hannibal', 'lhannibalim@google.cn', 'PlIrxsZaZc', 'ROLE_01', 674),
('ID_000675', 'Tate', 'Skypp', 'tskyppin@networkadvertising.org', '2tmrM7bWvi', 'ROLE_01', 675),
('ID_000676', 'Fonzie', 'Ketchaside', 'fketchasideio@hibu.com', 'asKWrpo5', 'ROLE_01', 676),
('ID_000677', 'Rodrick', 'Vaux', 'rvauxip@nasa.gov', 'zcqIKl9', 'ROLE_01', 677),
('ID_000678', 'Horton', 'Keuntje', 'hkeuntjeiq@weather.com', 'FGacRbb2lm', 'ROLE_01', 678),
('ID_000679', 'Andras', 'Handrick', 'ahandrickir@deviantart.com', '4nOmixW', 'ROLE_01', 679),
('ID_000680', 'Zorine', 'Kilty', 'zkiltyis@tinyurl.com', 'Y6azICvu', 'ROLE_01', 680),
('ID_000681', 'Belvia', 'Tickner', 'bticknerit@japanpost.jp', 'gZyIrhOT', 'ROLE_01', 681),
('ID_000682', 'Adrea', 'Hadcock', 'ahadcockiu@ebay.com', 'GaVsGfW', 'ROLE_01', 682),
('ID_000683', 'Ario', 'Cardon', 'acardoniv@twitpic.com', 'm4ls6LIEu', 'ROLE_01', 683),
('ID_000684', 'Osborn', 'Rubinovici', 'orubinoviciiw@oakley.com', 'AqmP1mA952', 'ROLE_01', 684),
('ID_000685', 'Joelynn', 'Millhill', 'jmillhillix@tumblr.com', 'pDlu1MdNkd', 'ROLE_01', 685),
('ID_000686', 'Alejandra', 'Bandey', 'abandeyiy@va.gov', 'd62GmP', 'ROLE_01', 686),
('ID_000687', 'Phil', 'Jacobsohn', 'pjacobsohniz@arstechnica.com', '9GhX88Q', 'ROLE_01', 687),
('ID_000688', 'Laney', 'Skym', 'lskymj0@ox.ac.uk', 'rbnEk8', 'ROLE_01', 688),
('ID_000689', 'Beltran', 'Ciepluch', 'bciepluchj1@examiner.com', '8Vs8N6o4Udrm', 'ROLE_01', 689),
('ID_000690', 'Crystie', 'Obray', 'cobrayj2@cisco.com', 'uuwPgh5x', 'ROLE_01', 690),
('ID_000691', 'Debi', 'Mullinger', 'dmullingerj3@elpais.com', '2nxRjFD5', 'ROLE_01', 691),
('ID_000692', 'Maddi', 'Dybell', 'mdybellj4@shareasale.com', 'lBs5bXB7D', 'ROLE_01', 692),
('ID_000693', 'Lowrance', 'Flips', 'lflipsj5@studiopress.com', '0HMdHCWdL', 'ROLE_01', 693),
('ID_000694', 'Clarice', 'Le Fevre', 'clefevrej6@kickstarter.com', 'QkniVHoc', 'ROLE_01', 694),
('ID_000695', 'Ynez', 'Orchard', 'yorchardj7@xing.com', 'faM8WjI', 'ROLE_01', 695),
('ID_000696', 'Cash', 'Froggatt', 'cfroggattj8@digg.com', 'k2sjymp45dlP', 'ROLE_01', 696),
('ID_000697', 'Dido', 'Duchesne', 'dduchesnej9@newyorker.com', 'U1FVjptcrQhE', 'ROLE_01', 697),
('ID_000698', 'Seka', 'Greeson', 'sgreesonja@sourceforge.net', 'YeSQgGjW', 'ROLE_01', 698),
('ID_000699', 'Morry', 'Buttrey', 'mbuttreyjb@jiathis.com', 'VwgMwvB', 'ROLE_01', 699),
('ID_000700', 'Monika', 'Quarterman', 'mquartermanjc@scientificamerican.com', 'cnaFa5', 'ROLE_01', 700),
('ID_000701', 'Hew', 'Heephy', 'hheephyjd@liveinternet.ru', 'A3CyDtMGMC8', 'ROLE_01', 701),
('ID_000702', 'Edik', 'Coghill', 'ecoghillje@reverbnation.com', 'uOcTdjL', 'ROLE_02', 702),
('ID_000703', 'Cinnamon', 'Gaytor', 'cgaytorjf@altervista.org', 'zZkCLpSXbIL', 'ROLE_02', 703),
('ID_000704', 'Ellynn', 'Trewett', 'etrewettjg@pinterest.com', 'ePrxaY', 'ROLE_02', 704),
('ID_000705', 'Freedman', 'Fidgin', 'ffidginjh@geocities.jp', '48RUH01x1h', 'ROLE_02', 705),
('ID_000706', 'Laurella', 'Garry', 'lgarryji@multiply.com', 'uhapn3', 'ROLE_02', 706),
('ID_000707', 'Alvira', 'Guirau', 'aguiraujj@smh.com.au', 'dUFNAVAEVOyo', 'ROLE_02', 707),
('ID_000708', 'Caleb', 'Virgoe', 'cvirgoejk@symantec.com', 'lof4UJzehz', 'ROLE_02', 708),
('ID_000709', 'Alden', 'Mora', 'amorajl@uol.com.br', 'L6mvGaQD8', 'ROLE_02', 709),
('ID_000710', 'Cicily', 'Peascod', 'cpeascodjm@intel.com', 'rErQhn', 'ROLE_02', 710),
('ID_000711', 'Karyn', 'Fideler', 'kfidelerjn@tamu.edu', '9QXRtL', 'ROLE_02', 711),
('ID_000712', 'Raf', 'Triswell', 'rtriswelljo@merriam-webster.com', 's9sgKI2Furn', 'ROLE_02', 712),
('ID_000713', 'Patrice', 'Sima', 'psimajp@fc2.com', '2ZCwJAV', 'ROLE_02', 713),
('ID_000714', 'Nessie', 'Kimbury', 'nkimburyjq@cmu.edu', '5GG8n6', 'ROLE_02', 714),
('ID_000715', 'Alvira', 'Bellard', 'abellardjr@com.com', 'ix6QBEzNT3', 'ROLE_02', 715),
('ID_000716', 'Shena', 'Honniebal', 'shonniebaljs@bandcamp.com', 'kZX0xoHAZk', 'ROLE_02', 716),
('ID_000717', 'Willy', 'Fearenside', 'wfearensidejt@cnbc.com', 'EaSHfqhcCt8', 'ROLE_02', 717),
('ID_000718', 'Catina', 'Pedersen', 'cpedersenju@dailymotion.com', 'nx9gbatq', 'ROLE_02', 718),
('ID_000719', 'Pauletta', 'Nassie', 'pnassiejv@marriott.com', 'BJpD6u3', 'ROLE_02', 719),
('ID_000720', 'Danya', 'Cargenven', 'dcargenvenjw@fastcompany.com', 'pgqrIDwrC', 'ROLE_02', 720),
('ID_000721', 'Carole', 'Dmiterko', 'cdmiterkojx@exblog.jp', '9l7e3r7QUtf', 'ROLE_02', 721),
('ID_000722', 'Gail', 'Kilcullen', 'gkilcullenjy@bigcartel.com', 'n03XYAUew', 'ROLE_02', 722),
('ID_000723', 'Ashlan', 'Blackborn', 'ablackbornjz@edublogs.org', '9RQutX3XhtS6', 'ROLE_02', 723),
('ID_000724', 'Gerrilee', 'Byrth', 'gbyrthk0@newsvine.com', 'Zt3YwtkLDo', 'ROLE_02', 724),
('ID_000725', 'Dahlia', 'Jeannin', 'djeannink1@meetup.com', 'jIeGDECK', 'ROLE_02', 725),
('ID_000726', 'Marion', 'Weiss', 'mweissk2@si.edu', 'AGKSn2ly', 'ROLE_02', 726),
('ID_000727', 'Danit', 'Amaya', 'damayak3@timesonline.co.uk', 'ZyQcv8BV', 'ROLE_02', 727),
('ID_000728', 'Corrina', 'Penney', 'cpenneyk4@redcross.org', 'RhyfiHf511', 'ROLE_02', 728),
('ID_000729', 'Abigale', 'O\'Drought', 'aodroughtk5@storify.com', 'UDrW1L', 'ROLE_02', 729),
('ID_000730', 'Emmerich', 'Huffa', 'ehuffak6@nsw.gov.au', 'yBwSSN7u', 'ROLE_02', 730),
('ID_000731', 'Angie', 'Portingale', 'aportingalek7@exblog.jp', 'HsGxpJWH5NU', 'ROLE_02', 731),
('ID_000732', 'Luigi', 'Mahady', 'lmahadyk8@europa.eu', 'ajxDGC', 'ROLE_02', 732),
('ID_000733', 'Ronnica', 'Irons', 'rironsk9@homestead.com', 'Wi0dFw2AYup5', 'ROLE_02', 733),
('ID_000734', 'Beltran', 'Piddlehinton', 'bpiddlehintonka@chronoengine.com', 'K7zATgouV', 'ROLE_02', 734),
('ID_000735', 'Sophronia', 'Kyncl', 'skynclkb@independent.co.uk', 'rzKLXBNs', 'ROLE_02', 735),
('ID_000736', 'Hussein', 'Longman', 'hlongmankc@cnbc.com', 'YBFl31', 'ROLE_02', 736),
('ID_000737', 'Jerri', 'Suddick', 'jsuddickkd@nyu.edu', 'mjECfUjSw4', 'ROLE_02', 737),
('ID_000738', 'Sayres', 'Rossoni', 'srossonike@hugedomains.com', 'p0BEG4bAGCUp', 'ROLE_02', 738),
('ID_000739', 'Carling', 'Tebbs', 'ctebbskf@ucoz.ru', '9fvBmVm', 'ROLE_02', 739),
('ID_000740', 'Kath', 'Radki', 'kradkikg@privacy.gov.au', '3mOBrKuJ', 'ROLE_02', 740),
('ID_000741', 'Mair', 'Russel', 'mrusselkh@wikimedia.org', 'jiH9ltK2', 'ROLE_02', 741),
('ID_000742', 'Tiphani', 'Stentiford', 'tstentifordki@seattletimes.com', 'iTrftbt', 'ROLE_02', 742),
('ID_000743', 'Dona', 'Bartelli', 'dbartellikj@buzzfeed.com', 'c0bCEN', 'ROLE_02', 743),
('ID_000744', 'Barri', 'Feldklein', 'bfeldkleinkk@histats.com', 'Is5xt9QH', 'ROLE_02', 744),
('ID_000745', 'Valida', 'Smurthwaite', 'vsmurthwaitekl@theglobeandmail.com', 'pBiMEVz', 'ROLE_02', 745),
('ID_000746', 'Rosaline', 'Dewen', 'rdewenkm@businessinsider.com', 'MeVF2WZ0IwS', 'ROLE_02', 746),
('ID_000747', 'Shayna', 'Mowsdell', 'smowsdellkn@creativecommons.org', 'EqJbLUR', 'ROLE_02', 747),
('ID_000748', 'Cal', 'Ruseworth', 'cruseworthko@t-online.de', '5BJGqVnh7CV', 'ROLE_02', 748),
('ID_000749', 'Lila', 'Linnitt', 'llinnittkp@bigcartel.com', 'uvNQgJ', 'ROLE_02', 749),
('ID_000750', 'Galven', 'Fevier', 'gfevierkq@msn.com', 'iAgF70', 'ROLE_02', 750),
('ID_000751', 'Tobi', 'Maccrie', 'tmaccriekr@live.com', 'lTR6N12ON5t', 'ROLE_02', 751),
('ID_000752', 'Abe', 'Sheran', 'asheranks@go.com', 'ldDepTiL', 'ROLE_02', 752),
('ID_000753', 'Anjanette', 'Loughnan', 'aloughnankt@constantcontact.com', 'yn0IemgM2OG', 'ROLE_02', 753),
('ID_000754', 'Aundrea', 'Westmerland', 'awestmerlandku@ucoz.com', 'GkeIJ1m4', 'ROLE_02', 754),
('ID_000755', 'Felisha', 'Draycott', 'fdraycottkv@delicious.com', 'uG2MuF', 'ROLE_02', 755),
('ID_000756', 'Ulrikaumeko', 'Broke', 'ubrokekw@cargocollective.com', 'H5uhctsm', 'ROLE_02', 756),
('ID_000757', 'Verile', 'Rate', 'vratekx@mayoclinic.com', 'nRgifFVPnJKW', 'ROLE_02', 757),
('ID_000758', 'Ravi', 'Downham', 'rdownhamky@mac.com', 'XcIiCXLtRTF', 'ROLE_02', 758),
('ID_000759', 'Kimberlyn', 'Coveny', 'kcovenykz@home.pl', '5LuiTVjVwurR', 'ROLE_02', 759),
('ID_000760', 'Rebecka', 'Havesides', 'rhavesidesl0@topsy.com', 'yBkHrorcMCn', 'ROLE_02', 760),
('ID_000761', 'Brena', 'Ovill', 'bovilll1@w3.org', 'BUssPX8', 'ROLE_02', 761),
('ID_000762', 'Aldwin', 'Esberger', 'aesbergerl2@rambler.ru', 'wjR8QP33L', 'ROLE_02', 762),
('ID_000763', 'Hillard', 'Ply', 'hplyl3@github.com', '4ciMoH96', 'ROLE_02', 763),
('ID_000764', 'Broderic', 'Tuffrey', 'btuffreyl4@msn.com', 'QR3dci54X', 'ROLE_02', 764),
('ID_000765', 'Eugenie', 'Faas', 'efaasl5@blogger.com', 'h5hJ5efoeTj1', 'ROLE_02', 765),
('ID_000766', 'Mariellen', 'Chomiszewski', 'mchomiszewskil6@pbs.org', 'kMT7uTiCZg', 'ROLE_02', 766),
('ID_000767', 'Ludvig', 'Tidd', 'ltiddl7@google.es', 'HizGu5v93X', 'ROLE_02', 767),
('ID_000768', 'Linnie', 'Cranney', 'lcranneyl8@mapquest.com', 'ooZ1Uxo', 'ROLE_02', 768),
('ID_000769', 'Bordie', 'Townrow', 'btownrowl9@stumbleupon.com', 'N6X6fjLvY', 'ROLE_02', 769),
('ID_000770', 'Birk', 'Geram', 'bgeramla@ucsd.edu', 'CSuRoUE8r17R', 'ROLE_02', 770),
('ID_000771', 'Sutherlan', 'Churchlow', 'schurchlowlb@acquirethisname.com', 'l8nPJUcTCne', 'ROLE_02', 771),
('ID_000772', 'Thayne', 'Mitchard', 'tmitchardlc@over-blog.com', 'uBetkwL5', 'ROLE_02', 772),
('ID_000773', 'Dasi', 'Wildey', 'dwildeyld@networksolutions.com', 'kbuHBY', 'ROLE_02', 773),
('ID_000774', 'Sergio', 'Densie', 'sdensiele@storify.com', 'lTyhpX', 'ROLE_02', 774),
('ID_000775', 'Isac', 'McMylor', 'imcmylorlf@nba.com', 'Ex8EpCRMCh', 'ROLE_02', 775),
('ID_000776', 'Nana', 'Le Bosse', 'nlebosselg@si.edu', 'w5UGPak', 'ROLE_02', 776),
('ID_000777', 'Arda', 'Guyer', 'aguyerlh@facebook.com', 'caZRUnVfsMYA', 'ROLE_02', 777),
('ID_000778', 'Susi', 'Mounce', 'smounceli@yandex.ru', 'FUd8FLApeZA', 'ROLE_02', 778),
('ID_000779', 'Ame', 'Strangeway', 'astrangewaylj@upenn.edu', 'Aau5gqJyi', 'ROLE_02', 779),
('ID_000780', 'Mickey', 'Coppens', 'mcoppenslk@vimeo.com', '66zunhMeho', 'ROLE_02', 780),
('ID_000781', 'Palm', 'Franchyonok', 'pfranchyonokll@boston.com', 'F652mv', 'ROLE_02', 781),
('ID_000782', 'Sancho', 'Pearsey', 'spearseylm@sourceforge.net', '1zKgXAqb2OuD', 'ROLE_02', 782),
('ID_000783', 'Rodolph', 'Brooking', 'rbrookingln@time.com', 'yegcOnwemhAL', 'ROLE_02', 783),
('ID_000784', 'Godfrey', 'Siehard', 'gsiehardlo@google.com', 'VORueESS', 'ROLE_02', 784),
('ID_000785', 'Charla', 'Klemke', 'cklemkelp@github.io', '7wNkuf', 'ROLE_02', 785),
('ID_000786', 'Shermy', 'Pedlow', 'spedlowlq@time.com', '7qYx8ZuPe', 'ROLE_02', 786),
('ID_000787', 'Staford', 'Saladino', 'ssaladinolr@blogspot.com', '5dhDtUAyv', 'ROLE_02', 787),
('ID_000788', 'Annemarie', 'Neasam', 'aneasamls@simplemachines.org', 'O3EG9OGhHYB', 'ROLE_02', 788),
('ID_000789', 'Chrystal', 'Klishin', 'cklishinlt@list-manage.com', 'jGSaxx', 'ROLE_02', 789),
('ID_000790', 'Drake', 'Fairfull', 'dfairfulllu@wp.com', 'ccKSZTac1', 'ROLE_02', 790),
('ID_000791', 'Ema', 'Boak', 'eboaklv@edublogs.org', 'vWSfylqxd4', 'ROLE_02', 791),
('ID_000792', 'Nikolia', 'Whal', 'nwhallw@vimeo.com', 'zFgq3nF1Z3', 'ROLE_02', 792),
('ID_000793', 'Randa', 'Shankland', 'rshanklandlx@networkadvertising.org', 'WSuJss7V', 'ROLE_02', 793),
('ID_000794', 'Bealle', 'Slaymaker', 'bslaymakerly@redcross.org', 'TjbqX3w', 'ROLE_02', 794),
('ID_000795', 'Wally', 'Verring', 'wverringlz@liveinternet.ru', '6LAZsyofC', 'ROLE_02', 795),
('ID_000796', 'Pieter', 'O\'Breen', 'pobreenm0@webs.com', 'AnI1vxcTQ9', 'ROLE_02', 796),
('ID_000797', 'Alberta', 'Handy', 'ahandym1@harvard.edu', 'XgpqHl', 'ROLE_02', 797),
('ID_000798', 'Merci', 'Lelievre', 'mlelievrem2@theguardian.com', 'jc0SiPRlJF54', 'ROLE_02', 798),
('ID_000799', 'Cullie', 'Colquite', 'ccolquitem3@army.mil', 'YD0buJgv', 'ROLE_02', 799),
('ID_000800', 'Cletus', 'Oliveras', 'coliverasm4@bandcamp.com', 'oHAW277yUJu', 'ROLE_02', 800),
('ID_000801', 'Melody', 'Caudrey', 'mcaudreym5@bluehost.com', '3F6glQxD', 'ROLE_02', 801),
('ID_000802', 'Consuelo', 'Musso', 'cmussom6@rediff.com', 'Bp9KamYMKr', 'ROLE_02', 802),
('ID_000803', 'Helge', 'Poundesford', 'hpoundesfordm7@ovh.net', 'F1F8epsI2', 'ROLE_02', 803),
('ID_000804', 'Shirlee', 'Faughnan', 'sfaughnanm8@sitemeter.com', 'mtNhiiagT', 'ROLE_02', 804),
('ID_000805', 'Temp', 'Zavattieri', 'tzavattierim9@princeton.edu', 'MVoyHp80SrvA', 'ROLE_02', 805),
('ID_000806', 'Buckie', 'Garrish', 'bgarrishma@reuters.com', 'zA54iBG', 'ROLE_02', 806),
('ID_000807', 'Josias', 'Shreve', 'jshrevemb@ftc.gov', 'eLhlG1hnO', 'ROLE_02', 807),
('ID_000808', 'Fayre', 'Birkbeck', 'fbirkbeckmc@slate.com', 'OFTrwH3DK', 'ROLE_02', 808),
('ID_000809', 'Bent', 'Rainsdon', 'brainsdonmd@adobe.com', 'FS9qDzo37L', 'ROLE_02', 809),
('ID_000810', 'Tabbatha', 'Menicomb', 'tmenicombme@feedburner.com', '9gZvvr', 'ROLE_02', 810),
('ID_000811', 'Reuven', 'Itzcovich', 'ritzcovichmf@storify.com', 'pkOL3RFr', 'ROLE_02', 811),
('ID_000812', 'Evonne', 'Scannell', 'escannellmg@woothemes.com', 'x0VgwRMZti', 'ROLE_02', 812),
('ID_000813', 'Erma', 'Soigne', 'esoignemh@walmart.com', 'tV41bAEqg1z', 'ROLE_02', 813),
('ID_000814', 'Flossie', 'McAvinchey', 'fmcavincheymi@scientificamerican.com', 'UPauj1njyEF', 'ROLE_02', 814),
('ID_000815', 'Ivie', 'Mansell', 'imansellmj@youtu.be', 'etMdf8DDsG1O', 'ROLE_02', 815),
('ID_000816', 'Guilbert', 'Govett', 'ggovettmk@blogger.com', 'NdYZw2Y', 'ROLE_02', 816),
('ID_000817', 'See', 'Carnegie', 'scarnegieml@newsvine.com', 'VlE4FL', 'ROLE_02', 817),
('ID_000818', 'Ann', 'Fontel', 'afontelmm@nyu.edu', 'ok4MhC1cFhZP', 'ROLE_02', 818),
('ID_000819', 'Sibilla', 'Bonsey', 'sbonseymn@yellowbook.com', '6GNtE10', 'ROLE_02', 819),
('ID_000820', 'Noni', 'Wisedale', 'nwisedalemo@ucla.edu', '7ZeElCbuX', 'ROLE_02', 820),
('ID_000821', 'Colman', 'Wink', 'cwinkmp@edublogs.org', 'Jp3h6EGtPPex', 'ROLE_02', 821),
('ID_000822', 'Mortie', 'Lisciardelli', 'mlisciardellimq@usgs.gov', 'w2G1l8', 'ROLE_02', 822),
('ID_000823', 'Alain', 'Benedidick', 'abenedidickmr@pbs.org', 'NvV5cRIaSM4I', 'ROLE_02', 823),
('ID_000824', 'Bendite', 'Skeates', 'bskeatesms@samsung.com', 'gHZ6fOHesU', 'ROLE_02', 824),
('ID_000825', 'Kayla', 'Benard', 'kbenardmt@weebly.com', 'FaMOWRdY', 'ROLE_02', 825),
('ID_000826', 'Buddy', 'Asman', 'basmanmu@mozilla.com', 'A1S3dc', 'ROLE_02', 826),
('ID_000827', 'Pammi', 'Medlen', 'pmedlenmv@ocn.ne.jp', '4d5rKo1QVQJ', 'ROLE_02', 827),
('ID_000828', 'Gretchen', 'McPaike', 'gmcpaikemw@home.pl', 'mhqtSaJxtO4n', 'ROLE_02', 828),
('ID_000829', 'Hall', 'Tremouille', 'htremouillemx@nydailynews.com', 'w5x8rk', 'ROLE_02', 829),
('ID_000830', 'Josias', 'Barstock', 'jbarstockmy@blog.com', 'yHAU48', 'ROLE_02', 830),
('ID_000831', 'Astra', 'Loughhead', 'aloughheadmz@howstuffworks.com', '08Q7IH', 'ROLE_02', 831),
('ID_000832', 'Enid', 'Bernardo', 'ebernardon0@oaic.gov.au', 'DKEhRrq', 'ROLE_02', 832),
('ID_000833', 'Krystal', 'Durante', 'kduranten1@shareasale.com', 'sPrwou', 'ROLE_02', 833),
('ID_000834', 'Fraze', 'Faulkner', 'ffaulknern2@furl.net', 'OAbIu3', 'ROLE_02', 834),
('ID_000835', 'Olivie', 'Morrant', 'omorrantn3@earthlink.net', 'BXCi5MlJw96', 'ROLE_02', 835),
('ID_000836', 'Maury', 'Chasen', 'mchasenn4@unc.edu', 'k3ZN8xD', 'ROLE_02', 836),
('ID_000837', 'Jennette', 'Golly', 'jgollyn5@vkontakte.ru', 'GqixCeEHM', 'ROLE_02', 837),
('ID_000838', 'Jess', 'Corner', 'jcornern6@tripadvisor.com', 'UFfm3ang7', 'ROLE_02', 838),
('ID_000839', 'Waldon', 'Wickwar', 'wwickwarn7@dailymail.co.uk', '9WN3JPYUNqu', 'ROLE_02', 839),
('ID_000840', 'Brigid', 'Armell', 'barmelln8@yahoo.co.jp', 'l9BneiJpU', 'ROLE_02', 840),
('ID_000841', 'Nico', 'Pabelik', 'npabelikn9@japanpost.jp', '9Yre1tjpxV', 'ROLE_02', 841),
('ID_000842', 'Brant', 'De Angelis', 'bdeangelisna@biglobe.ne.jp', 'PfHzaaOhz4aA', 'ROLE_02', 842),
('ID_000843', 'Angelle', 'Letterick', 'alettericknb@uiuc.edu', 'OhFklz', 'ROLE_02', 843),
('ID_000844', 'Pamelina', 'Trethewey', 'ptretheweync@plala.or.jp', 'V6feB3Mt', 'ROLE_02', 844),
('ID_000845', 'Odell', 'Smouten', 'osmoutennd@wikimedia.org', 'O2W1A0OL', 'ROLE_02', 845),
('ID_000846', 'Odette', 'Jendricke', 'ojendrickene@china.com.cn', 'P9v242zQe', 'ROLE_02', 846),
('ID_000847', 'Lorianna', 'Schrieves', 'lschrievesnf@answers.com', 'B9jfleI3F', 'ROLE_02', 847),
('ID_000848', 'Hilary', 'Fripps', 'hfrippsng@blogger.com', 'iAYWXAK3', 'ROLE_02', 848),
('ID_000849', 'Ron', 'Dewsnap', 'rdewsnapnh@businessweek.com', 'bsRaVd', 'ROLE_02', 849),
('ID_000850', 'Pall', 'Broxap', 'pbroxapni@t.co', 'o7vPrObFpH43', 'ROLE_02', 850),
('ID_000851', 'Lotti', 'Kettleson', 'lkettlesonnj@ovh.net', '5vIAgMM', 'ROLE_02', 851),
('ID_000852', 'Henrieta', 'Zupone', 'hzuponenk@biglobe.ne.jp', '0tPoOL', 'ROLE_02', 852),
('ID_000853', 'Lilli', 'Edwinson', 'ledwinsonnl@tripadvisor.com', 'dsFzCTV4Vm4', 'ROLE_02', 853),
('ID_000854', 'Gloriane', 'Pachmann', 'gpachmannnm@newyorker.com', 'VMIsc0', 'ROLE_02', 854),
('ID_000855', 'Elset', 'Mattia', 'emattiann@discuz.net', 'YXWup0r8i7Qt', 'ROLE_02', 855),
('ID_000856', 'Marmaduke', 'Finn', 'mfinnno@nhs.uk', '20Rjk8', 'ROLE_02', 856),
('ID_000857', 'Talyah', 'McIlwaine', 'tmcilwainenp@drupal.org', '49dN5U', 'ROLE_02', 857),
('ID_000858', 'Deny', 'Juppe', 'djuppenq@domainmarket.com', 'fk7OKOal', 'ROLE_02', 858),
('ID_000859', 'Baxy', 'Steely', 'bsteelynr@wiley.com', 'lpAnzo', 'ROLE_02', 859),
('ID_000860', 'Hastings', 'Kleinstein', 'hkleinsteinns@webmd.com', 'Ycaag2nX', 'ROLE_02', 860),
('ID_000861', 'Margret', 'Stell', 'mstellnt@cbsnews.com', 'm6E5487kZ', 'ROLE_02', 861),
('ID_000862', 'Legra', 'Cheshire', 'lcheshirenu@ucoz.ru', 'z3DfeNKQ', 'ROLE_02', 862),
('ID_000863', 'Doria', 'Blackmore', 'dblackmorenv@economist.com', 'AsHkzbgmZW', 'ROLE_02', 863),
('ID_000864', 'Dorene', 'Peasegod', 'dpeasegodnw@squarespace.com', 'Iz75AWW', 'ROLE_02', 864),
('ID_000865', 'Pepito', 'Meek', 'pmeeknx@weebly.com', 'c8vPU6tON', 'ROLE_02', 865),
('ID_000866', 'Crawford', 'Gregh', 'cgreghny@paypal.com', 'Scry35fsU', 'ROLE_02', 866),
('ID_000867', 'Zorana', 'Posselt', 'zposseltnz@cyberchimps.com', 'hCoPfh', 'ROLE_02', 867),
('ID_000868', 'Herman', 'Bythell', 'hbythello0@ucla.edu', 'UgHVqTthIF', 'ROLE_02', 868),
('ID_000869', 'Sheilakathryn', 'Croasdale', 'scroasdaleo1@arstechnica.com', 'pLS5aT', 'ROLE_02', 869),
('ID_000870', 'Mendy', 'Matussow', 'mmatussowo2@fema.gov', 'XFmtRMxKAS', 'ROLE_02', 870),
('ID_000871', 'Al', 'Wawer', 'awawero3@phoca.cz', 'Gn3WgUju', 'ROLE_02', 871),
('ID_000872', 'Etan', 'Gordon-Giles', 'egordongileso4@army.mil', 'AITYwJIKMAZa', 'ROLE_02', 872),
('ID_000873', 'Vonny', 'Kerton', 'vkertono5@forbes.com', 'xkTMc1ha8', 'ROLE_02', 873),
('ID_000874', 'Cammy', 'Mumbray', 'cmumbrayo6@independent.co.uk', 'upyjo6Qa', 'ROLE_02', 874),
('ID_000875', 'Nanice', 'Purkess', 'npurkesso7@ted.com', 'IG3TyTeaq', 'ROLE_02', 875),
('ID_000876', 'Justine', 'Hawe', 'jhaweo8@amazon.co.uk', 'v3S8ikmch8M', 'ROLE_02', 876),
('ID_000877', 'Alleen', 'Abbe', 'aabbeo9@mapy.cz', 'iAXR3hJvSE', 'ROLE_02', 877),
('ID_000878', 'Hedvig', 'Kindred', 'hkindredoa@vimeo.com', 'PrGnpqT1b', 'ROLE_02', 878),
('ID_000879', 'Rodney', 'Vardon', 'rvardonob@nytimes.com', 'wB28qn5xr0e2', 'ROLE_02', 879),
('ID_000880', 'Sonnie', 'Ebbers', 'sebbersoc@statcounter.com', 'CGM1W5r8ON', 'ROLE_02', 880),
('ID_000881', 'Fulton', 'Rosenstein', 'frosensteinod@about.com', 'tfKh1nIdJy', 'ROLE_02', 881),
('ID_000882', 'Pauletta', 'Forde', 'pfordeoe@nifty.com', '5lmovQ7T', 'ROLE_02', 882),
('ID_000883', 'Alexander', 'Sutworth', 'asutworthof@reference.com', 'BmPOBAKni4v', 'ROLE_02', 883),
('ID_000884', 'Rowney', 'Larham', 'rlarhamog@mashable.com', 'gqoUapBgZ', 'ROLE_02', 884),
('ID_000885', 'Allene', 'Wagge', 'awaggeoh@plala.or.jp', 'ePCt6rcUvHZ', 'ROLE_02', 885),
('ID_000886', 'Katrinka', 'Shirtcliffe', 'kshirtcliffeoi@uol.com.br', 'V24DgViwaZ', 'ROLE_02', 886),
('ID_000887', 'Carolee', 'Cawtheray', 'ccawtherayoj@tripadvisor.com', 'MEHA4azbmC', 'ROLE_02', 887),
('ID_000888', 'Cornall', 'Saphin', 'csaphinok@i2i.jp', 'rVSY6AbTybq', 'ROLE_02', 888),
('ID_000889', 'Jobina', 'Murtell', 'jmurtellol@npr.org', 'jEyY95Z', 'ROLE_02', 889),
('ID_000890', 'Hilario', 'Berrie', 'hberrieom@ca.gov', 'traJre7', 'ROLE_02', 890),
('ID_000891', 'Huberto', 'O\'Moylane', 'homoylaneon@free.fr', 'JOHngw7VJID', 'ROLE_02', 891),
('ID_000892', 'Xymenes', 'Skeldon', 'xskeldonoo@nhs.uk', '80sbU3P1k', 'ROLE_02', 892),
('ID_000893', 'Constanta', 'Bateman', 'cbatemanop@samsung.com', 'lBKjEAzd', 'ROLE_02', 893),
('ID_000894', 'Delmer', 'Guinane', 'dguinaneoq@unesco.org', 'tFzWG8Ewy', 'ROLE_02', 894),
('ID_000895', 'Cynthea', 'Dun', 'cdunor@woothemes.com', 'SDjDWrMkF', 'ROLE_02', 895),
('ID_000896', 'Willdon', 'Putnam', 'wputnamos@ucoz.com', 'BRCH2655Ys', 'ROLE_02', 896),
('ID_000897', 'Humbert', 'Ranvoise', 'hranvoiseot@merriam-webster.com', 'I9MZfxLOC0', 'ROLE_02', 897),
('ID_000898', 'Erny', 'Fortnum', 'efortnumou@icio.us', 'LYgNEdRXKN', 'ROLE_02', 898),
('ID_000899', 'Thomas', 'Turford', 'tturfordov@earthlink.net', '53lFF5', 'ROLE_02', 899),
('ID_000900', 'Euphemia', 'Bessell', 'ebessellow@newsvine.com', 'mX2F00j', 'ROLE_02', 900),
('ID_000901', 'Hesther', 'Daelman', 'hdaelmanox@nature.com', 'cxykCfm', 'ROLE_02', 901),
('ID_000902', 'Margi', 'Buckthorp', 'mbuckthorpoy@woothemes.com', 'Nf677n', 'ROLE_02', 902),
('ID_000903', 'Sarette', 'Goldin', 'sgoldinoz@yale.edu', 'ytN9cG', 'ROLE_02', 903),
('ID_000904', 'Alys', 'Larwood', 'alarwoodp0@geocities.jp', '56vr8SjNv', 'ROLE_02', 904),
('ID_000905', 'Desi', 'Daniely', 'ddanielyp1@tamu.edu', 'aJpoemxHB8O', 'ROLE_02', 905),
('ID_000906', 'Amil', 'Chillingsworth', 'achillingsworthp2@economist.com', 'la7BWz', 'ROLE_02', 906),
('ID_000907', 'Davidde', 'Turnell', 'dturnellp3@smugmug.com', 'ekyYZvHAR5', 'ROLE_02', 907),
('ID_000908', 'Jonas', 'Silverthorn', 'jsilverthornp4@goodreads.com', '8IURoX', 'ROLE_02', 908),
('ID_000909', 'Feliza', 'Grannell', 'fgrannellp5@de.vu', 'iGdNUpRWk3j', 'ROLE_02', 909),
('ID_000910', 'Delcina', 'Gooms', 'dgoomsp6@adobe.com', 'yKPxgGtGLSs', 'ROLE_02', 910),
('ID_000911', 'Kip', 'Landrean', 'klandreanp7@people.com.cn', '21bRBChUkwR', 'ROLE_02', 911),
('ID_000912', 'Nariko', 'Wylam', 'nwylamp8@drupal.org', 'O5xDuA', 'ROLE_02', 912),
('ID_000913', 'Clem', 'Mowsley', 'cmowsleyp9@reference.com', 'EUiSokF', 'ROLE_02', 913),
('ID_000914', 'Bord', 'Keeton', 'bkeetonpa@storify.com', 'gBYRHHo', 'ROLE_02', 914),
('ID_000915', 'Tiffi', 'Aleso', 'talesopb@usatoday.com', 'qFO30p', 'ROLE_02', 915),
('ID_000916', 'Robbyn', 'Ferrarini', 'rferrarinipc@feedburner.com', 'poKZXpXjEQzh', 'ROLE_02', 916),
('ID_000917', 'Saxe', 'Son', 'ssonpd@about.com', '6jfA1B', 'ROLE_02', 917),
('ID_000918', 'Fleurette', 'Amber', 'famberpe@comcast.net', 'Zg4GvhHES', 'ROLE_02', 918),
('ID_000919', 'Zorina', 'Plumley', 'zplumleypf@gov.uk', 'u8g3kzI415Cp', 'ROLE_02', 919),
('ID_000920', 'Johnette', 'Crockley', 'jcrockleypg@nasa.gov', 'hrz2hWI4sgv', 'ROLE_02', 920),
('ID_000921', 'Camile', 'Hartington', 'chartingtonph@gmpg.org', 'lvprDDpLO', 'ROLE_02', 921),
('ID_000922', 'Nappie', 'Tregunnah', 'ntregunnahpi@yandex.ru', 'DBN2LGIT3Vn6', 'ROLE_02', 922),
('ID_000923', 'Mair', 'Amiable', 'mamiablepj@pen.io', 'CLZax0', 'ROLE_02', 923),
('ID_000924', 'Tobe', 'Curtis', 'tcurtispk@google.com.br', 'jE8lA6Kf', 'ROLE_02', 924),
('ID_000925', 'Weylin', 'Mickelwright', 'wmickelwrightpl@state.tx.us', 'p2oAIp6By', 'ROLE_02', 925),
('ID_000926', 'Brandon', 'Bockett', 'bbockettpm@facebook.com', 'cZOFpJuOKwCk', 'ROLE_02', 926),
('ID_000927', 'Goddard', 'Pottery', 'gpotterypn@thetimes.co.uk', '7CzbL8lH6', 'ROLE_02', 927),
('ID_000928', 'Agnes', 'Dobinson', 'adobinsonpo@nature.com', 'U2ao4VLZ', 'ROLE_02', 928),
('ID_000929', 'Crawford', 'Dellenbroker', 'cdellenbrokerpp@a8.net', 'Ejhrsmua', 'ROLE_02', 929),
('ID_000930', 'Erastus', 'Elix', 'eelixpq@discovery.com', 'P1PwoXF3I', 'ROLE_02', 930),
('ID_000931', 'Moselle', 'Jerromes', 'mjerromespr@nasa.gov', 'hlSF8v37', 'ROLE_02', 931),
('ID_000932', 'Loydie', 'Retchless', 'lretchlessps@uiuc.edu', 'OApRt3pd9Jk', 'ROLE_02', 932),
('ID_000933', 'Ranee', 'Bernardinelli', 'rbernardinellipt@newyorker.com', 'TXxOaJLy8', 'ROLE_02', 933),
('ID_000934', 'Farrah', 'Cast', 'fcastpu@elpais.com', 'ZNIk4y', 'ROLE_02', 934),
('ID_000935', 'Conn', 'Warricker', 'cwarrickerpv@psu.edu', 'lkRLfDtg1nU', 'ROLE_02', 935),
('ID_000936', 'Belinda', 'Coskerry', 'bcoskerrypw@shop-pro.jp', 'NAottMS3eWz', 'ROLE_02', 936),
('ID_000937', 'Maribeth', 'Keri', 'mkeripx@sbwire.com', 'd7G2Kp07k', 'ROLE_02', 937),
('ID_000938', 'Welby', 'Rafe', 'wrafepy@gnu.org', '1JRbsQXz92d', 'ROLE_02', 938),
('ID_000939', 'Silvia', 'Castelyn', 'scastelynpz@acquirethisname.com', '9gLbDfxnuwF', 'ROLE_02', 939),
('ID_000940', 'Pearl', 'Fuller', 'pfullerq0@boston.com', '2zIwl20p2uLa', 'ROLE_02', 940),
('ID_000941', 'Alejandra', 'McGuffie', 'amcguffieq1@mlb.com', 'AZxJDs', 'ROLE_02', 941),
('ID_000942', 'Evered', 'Turpin', 'eturpinq2@wikimedia.org', 'jGK2L3K1', 'ROLE_02', 942),
('ID_000943', 'Roberto', 'Walkden', 'rwalkdenq3@gravatar.com', '30zkUaLNi07', 'ROLE_02', 943),
('ID_000944', 'Liane', 'Bonallack', 'lbonallackq4@ovh.net', 'dYZHRUYVMLI4', 'ROLE_02', 944),
('ID_000945', 'Lurette', 'De Bruin', 'ldebruinq5@nps.gov', 'U6h3fZM', 'ROLE_02', 945),
('ID_000946', 'Samuele', 'Coggeshall', 'scoggeshallq6@kickstarter.com', 'NvTQE3DKigIz', 'ROLE_02', 946),
('ID_000947', 'Eloisa', 'Kores', 'ekoresq7@globo.com', 'EE86JGrs', 'ROLE_02', 947),
('ID_000948', 'Stanislaw', 'Mc Carroll', 'smccarrollq8@deviantart.com', 'aPwaYCYTIc', 'ROLE_02', 948),
('ID_000949', 'Willey', 'Jelks', 'wjelksq9@godaddy.com', 'mPhHRFrbjR', 'ROLE_02', 949),
('ID_000950', 'Dulci', 'McBain', 'dmcbainqa@yolasite.com', '2qFAqdC7tGJY', 'ROLE_02', 950),
('ID_000951', 'Alanson', 'Barreau', 'abarreauqb@slashdot.org', 'WwFaXs32ZQf', 'ROLE_02', 951),
('ID_000952', 'Eldon', 'Billyard', 'ebillyardqc@eventbrite.com', 'KpAJlIS', 'ROLE_02', 952),
('ID_000953', 'Madalena', 'Brennans', 'mbrennansqd@businessinsider.com', 'p13BqjtUrNIv', 'ROLE_02', 953),
('ID_000954', 'Normy', 'Leads', 'nleadsqe@flavors.me', 'PA9tid', 'ROLE_02', 954),
('ID_000955', 'Dido', 'Lehon', 'dlehonqf@soundcloud.com', 'vF382dZB2qEZ', 'ROLE_02', 955),
('ID_000956', 'Alfonso', 'Besant', 'abesantqg@infoseek.co.jp', 'M1mvUMp4U2T5', 'ROLE_02', 956),
('ID_000957', 'Even', 'Betser', 'ebetserqh@github.com', '8fDBgv', 'ROLE_02', 957),
('ID_000958', 'Mickie', 'Cranney', 'mcranneyqi@freewebs.com', '8k7n5Tky', 'ROLE_02', 958),
('ID_000959', 'Gaby', 'Ibbett', 'gibbettqj@dagondesign.com', 'dGhmK39rAO', 'ROLE_02', 959),
('ID_000960', 'Arlen', 'Kiledal', 'akiledalqk@wikispaces.com', 'fe6FCBB', 'ROLE_02', 960),
('ID_000961', 'Jody', 'Tredgold', 'jtredgoldql@google.cn', 'jQHUIc', 'ROLE_02', 961),
('ID_000962', 'Lorine', 'Brabbins', 'lbrabbinsqm@ustream.tv', 'qsSOIDMq2Cc', 'ROLE_02', 962),
('ID_000963', 'Glyn', 'Borzoni', 'gborzoniqn@mit.edu', 'iP5zu0V', 'ROLE_02', 963),
('ID_000964', 'Sumner', 'Filewood', 'sfilewoodqo@blogger.com', 'Ig7kTuguaT', 'ROLE_02', 964),
('ID_000965', 'Mordecai', 'Imlen', 'mimlenqp@chicagotribune.com', 'xDpZxG', 'ROLE_02', 965),
('ID_000966', 'Earlie', 'Widger', 'ewidgerqq@berkeley.edu', 'wr6FsvruI8bw', 'ROLE_02', 966),
('ID_000967', 'Fayth', 'Haldene', 'fhaldeneqr@example.com', '6L6f7s', 'ROLE_02', 967),
('ID_000968', 'Denys', 'Popping', 'dpoppingqs@mapy.cz', 'eubPc8kC', 'ROLE_02', 968),
('ID_000969', 'Arabel', 'Greer', 'agreerqt@kickstarter.com', 'DNwUCIM3nKHK', 'ROLE_02', 969),
('ID_000970', 'Idell', 'Ivory', 'iivoryqu@scientificamerican.com', 'uotOlnG', 'ROLE_02', 970),
('ID_000971', 'Holden', 'Darkott', 'hdarkottqv@livejournal.com', 'F9YAP5n', 'ROLE_02', 971),
('ID_000972', 'Gui', 'Cloke', 'gclokeqw@pagesperso-orange.fr', 'BXlFaeVOB', 'ROLE_02', 972),
('ID_000973', 'Mame', 'Metschke', 'mmetschkeqx@tamu.edu', 'zsc5gE9LsvZO', 'ROLE_02', 973),
('ID_000974', 'Tabatha', 'Simone', 'tsimoneqy@ox.ac.uk', 'FLXdVV', 'ROLE_02', 974),
('ID_000975', 'Cristiano', 'Lindores', 'clindoresqz@berkeley.edu', 'B4K6yLdfhWdt', 'ROLE_02', 975),
('ID_000976', 'Theodosia', 'Scading', 'tscadingr0@bbb.org', 'QqwuRG1', 'ROLE_02', 976),
('ID_000977', 'Friederike', 'Gooddie', 'fgooddier1@creativecommons.org', 'rIpvmkFz', 'ROLE_02', 977),
('ID_000978', 'Chester', 'Clitherow', 'cclitherowr2@sun.com', '0njo4avWXK', 'ROLE_02', 978),
('ID_000979', 'Nap', 'Callum', 'ncallumr3@disqus.com', 'u9keQF', 'ROLE_02', 979),
('ID_000980', 'Bee', 'Paddingdon', 'bpaddingdonr4@statcounter.com', 'ewO4uVGNB', 'ROLE_02', 980),
('ID_000981', 'Axe', 'Parmley', 'aparmleyr5@technorati.com', 'QrvgO4ct2TeV', 'ROLE_02', 981),
('ID_000982', 'Chelsey', 'Collingwood', 'ccollingwoodr6@epa.gov', 'hhLcSQ9prk', 'ROLE_02', 982),
('ID_000983', 'Berna', 'Reijmers', 'breijmersr7@wiley.com', 'PpSqAjC1ni3W', 'ROLE_02', 983),
('ID_000984', 'Herta', 'Kibard', 'hkibardr8@upenn.edu', 'iiUzOxuAD9Zd', 'ROLE_02', 984),
('ID_000985', 'Delaney', 'Drysdale', 'ddrysdaler9@mayoclinic.com', 'INXVRm2pk', 'ROLE_02', 985),
('ID_000986', 'Benito', 'Ambrosi', 'bambrosira@biblegateway.com', 'gzvAOkswyC', 'ROLE_02', 986),
('ID_000987', 'Chance', 'Theriot', 'ctheriotrb@flavors.me', 'l8EoobYRaYf', 'ROLE_02', 987),
('ID_000988', 'Donnamarie', 'Willan', 'dwillanrc@ustream.tv', 'mDQinFD7q', 'ROLE_02', 988),
('ID_000989', 'Ursulina', 'Moss', 'umossrd@ftc.gov', 'zvU7EeO', 'ROLE_02', 989),
('ID_000990', 'Annabel', 'Mattock', 'amattockre@ifeng.com', 'E5G4i00Kk4P', 'ROLE_02', 990),
('ID_000991', 'Ike', 'McElrath', 'imcelrathrf@auda.org.au', 'lubj64Gzdop', 'ROLE_02', 991),
('ID_000992', 'Nanice', 'Connock', 'nconnockrg@google.com.au', 'KDcJL1q9J', 'ROLE_02', 992),
('ID_000993', 'Florian', 'Medcalfe', 'fmedcalferh@t-online.de', 'XqQ3AY4k5WIU', 'ROLE_02', 993),
('ID_000994', 'Bernetta', 'Leslie', 'bleslieri@opensource.org', '5sIfmYHC90m', 'ROLE_02', 994),
('ID_000995', 'Garnette', 'Hamley', 'ghamleyrj@ning.com', '48BPG2V8z', 'ROLE_02', 995),
('ID_000996', 'Ethelda', 'Benettolo', 'ebenettolork@yahoo.co.jp', '7EROJz', 'ROLE_02', 996),
('ID_000997', 'Will', 'Harbisher', 'wharbisherrl@lycos.com', 'VWJ0Ndcts', 'ROLE_02', 997),
('ID_000998', 'Winnie', 'Grollmann', 'wgrollmannrm@cornell.edu', 'yy47nwT', 'ROLE_02', 998),
('ID_000999', 'Esta', 'Alliston', 'eallistonrn@vistaprint.com', 'BZidzT0fvlIO', 'ROLE_02', 999),
('ID_001000', 'Corette', 'Brigman', 'cbrigmanro@printfriendly.com', '93ctMegKPXQ', 'ROLE_03', 1000),
('ID_001001', 'Carolin', 'Antonomolii', 'cantonomoliirp@mapy.cz', '3Z1T4cmV', 'ROLE_03', 1001),
('ID_001002', 'Linell', 'Rembrant', 'lrembrantrq@google.co.uk', 'pbnYYA', 'ROLE_03', 1002),
('ID_001003', 'Alix', 'McLeod', 'amcleodrr@seattletimes.com', 'L8ZCF2QJW5Hj', 'ROLE_03', 1003);

--
-- Triggers `user`
--
DELIMITER $$
CREATE TRIGGER `populate_id_user` BEFORE INSERT ON `user` FOR EACH ROW SET NEW.ID_USER = CONCAT('ID_', SUBSTRING('00000', LENGTH((
            SELECT AUTO_INCREMENT 
            FROM information_schema.TABLES 
            WHERE TABLE_SCHEMA = DATABASE() 
            AND TABLE_NAME = 'user'
    ))), (
            SELECT AUTO_INCREMENT 
            FROM information_schema.TABLES 
            WHERE TABLE_SCHEMA = DATABASE() 
            AND TABLE_NAME = 'user'
    ))
$$
DELIMITER ;

--
-- Indexes for dumped tables
--

--
-- Indexes for table `auction`
--
ALTER TABLE `auction`
  ADD PRIMARY KEY (`ID`);

--
-- Indexes for table `bid`
--
ALTER TABLE `bid`
  ADD PRIMARY KEY (`ID`);

--
-- Indexes for table `category`
--
ALTER TABLE `category`
  ADD PRIMARY KEY (`ID_CATEGORY`);

--
-- Indexes for table `criteria_buyer`
--
ALTER TABLE `criteria_buyer`
  ADD PRIMARY KEY (`ID`);

--
-- Indexes for table `criteria_seller`
--
ALTER TABLE `criteria_seller`
  ADD PRIMARY KEY (`ID`);

--
-- Indexes for table `item`
--
ALTER TABLE `item`
  ADD PRIMARY KEY (`ID`);

--
-- Indexes for table `rating`
--
ALTER TABLE `rating`
  ADD PRIMARY KEY (`ID`);

--
-- Indexes for table `role`
--
ALTER TABLE `role`
  ADD PRIMARY KEY (`ID_ROLE`);

--
-- Indexes for table `state`
--
ALTER TABLE `state`
  ADD PRIMARY KEY (`ID_STATE`);

--
-- Indexes for table `traffic`
--
ALTER TABLE `traffic`
  ADD PRIMARY KEY (`ID`);

--
-- Indexes for table `user`
--
ALTER TABLE `user`
  ADD PRIMARY KEY (`ID`);

--
-- AUTO_INCREMENT for dumped tables
--

--
-- AUTO_INCREMENT for table `auction`
--
ALTER TABLE `auction`
  MODIFY `ID` int(11) NOT NULL AUTO_INCREMENT, AUTO_INCREMENT=2;

--
-- AUTO_INCREMENT for table `bid`
--
ALTER TABLE `bid`
  MODIFY `ID` int(11) NOT NULL AUTO_INCREMENT;

--
-- AUTO_INCREMENT for table `criteria_buyer`
--
ALTER TABLE `criteria_buyer`
  MODIFY `ID` int(11) NOT NULL AUTO_INCREMENT;

--
-- AUTO_INCREMENT for table `criteria_seller`
--
ALTER TABLE `criteria_seller`
  MODIFY `ID` int(11) NOT NULL AUTO_INCREMENT;

--
-- AUTO_INCREMENT for table `item`
--
ALTER TABLE `item`
  MODIFY `ID` int(11) NOT NULL AUTO_INCREMENT, AUTO_INCREMENT=2;

--
-- AUTO_INCREMENT for table `rating`
--
ALTER TABLE `rating`
  MODIFY `ID` int(11) NOT NULL AUTO_INCREMENT;

--
-- AUTO_INCREMENT for table `traffic`
--
ALTER TABLE `traffic`
  MODIFY `ID` int(11) NOT NULL AUTO_INCREMENT;

--
-- AUTO_INCREMENT for table `user`
--
ALTER TABLE `user`
  MODIFY `ID` int(11) NOT NULL AUTO_INCREMENT, AUTO_INCREMENT=1004;
COMMIT;

/*!40101 SET CHARACTER_SET_CLIENT=@OLD_CHARACTER_SET_CLIENT */;
/*!40101 SET CHARACTER_SET_RESULTS=@OLD_CHARACTER_SET_RESULTS */;
/*!40101 SET COLLATION_CONNECTION=@OLD_COLLATION_CONNECTION */;
